model,variant,target,r2,mae,rmse
RGB_X/absolute30/all,main,ball.location.x,0.21148061353412073,1687.9487135809118,2042.6796466149026
RGB_X/absolute30/all,main,ball.location.y,0.2611892501864087,1927.3196777827286,2336.062047483686
RGB_X/absolute30/all,main,ball.location.z,0.11737880865693162,340.4255551125879,440.10187356859944
RGB_X/absolute30/all,main,ball.velocity.x,-0.0047816951650825334,677.6399183223781,853.2647468814229
RGB_X/absolute30/all,main,ball.velocity.y,-0.014449295449091126,1004.1493005694622,1228.4093432006282
RGB_X/absolute30/all,main,ball.velocity.z,-0.010737864290471189,396.12158676688335,538.7269609540979
RGB_X/absolute30/all,main,player0.location.x,0.08607120370164889,1691.4105559229688,2040.3153068674255
RGB_X/absolute30/all,main,player0.location.y,0.06018880339375399,2187.401900496981,2547.110623682042
RGB_X/absolute30/all,main,player0.location.z,-0.0032744661191990154,92.44124833131586,162.8134139237287
RGB_X/absolute30/all,main,player0.velocity.x,0.0320204028875839,716.3796381702414,875.8211637502682
RGB_X/absolute30/all,main,player0.velocity.y,0.008450514741328852,974.9494707393262,1132.9602245780377
RGB_X/absolute30/all,main,player0.velocity.z,0.010094535057329046,80.2009349108672,165.16898824183565
RGB_X/absolute30/all,main,player1.location.x,0.07439256113858028,1644.146173452897,2006.4632564037938
RGB_X/absolute30/all,main,player1.location.y,0.0982795393680348,2060.6766569770275,2456.3973199696247
RGB_X/absolute30/all,main,player1.location.z,0.004596130531315579,98.39520328137348,138.72862261611934
RGB_X/absolute30/all,main,player1.velocity.x,0.003273400858551545,687.3860117630717,839.3125754130076
RGB_X/absolute30/all,main,player1.velocity.y,-0.0032905444352868685,915.2778526045084,1076.4638867497395
RGB_X/absolute30/all,main,player1.velocity.z,-0.03672056069067797,115.43962369944248,212.72795695444972
RGB_X/absolute30/all,main,player2.location.x,0.05590732992133596,1686.188295719145,2067.82581322441
RGB_X/absolute30/all,main,player2.location.y,0.10293664107447043,2322.668410220783,2768.773921180338
RGB_X/absolute30/all,main,player2.location.z,0.017399175265136457,97.73180593257617,165.95089921559196
RGB_X/absolute30/all,main,player2.velocity.x,0.008956784147614028,744.3856936887673,884.2743175889076
RGB_X/absolute30/all,main,player2.velocity.y,-0.014910388139520503,949.9292449528717,1116.7151703429051
RGB_X/absolute30/all,main,player2.velocity.z,-0.022655646580567845,121.53798433905365,234.83021716140118
RGB_X/absolute30/all,main,player3.location.x,0.10531299971176489,1657.2858024918605,2014.0073134411923
RGB_X/absolute30/all,main,player3.location.y,0.08326569052809918,2242.8723917599473,2672.736768096519
RGB_X/absolute30/all,main,player3.location.z,0.0016461141437474902,87.89897341405776,173.61796273913833
RGB_X/absolute30/all,main,player3.velocity.x,-0.01946692904198377,749.3077739554702,895.340042085096
RGB_X/absolute30/all,main,player3.velocity.y,-0.07965572627017758,958.1365308334416,1121.5866442475203
RGB_X/absolute30/all,main,player3.velocity.z,-0.046147026658358126,100.09947267440394,186.8020344463401
RGB_X/absolute30/all,shuffled,ball.location.x,-0.022173191628720224,1953.6273328605216,2325.7140537401433
RGB_X/absolute30/all,shuffled,ball.location.y,-0.04259085096767046,2337.1497108552985,2775.0750039533573
RGB_X/absolute30/all,shuffled,ball.location.z,-0.006480002272807317,373.67990455974683,469.9683564622535
RGB_X/absolute30/all,shuffled,ball.velocity.x,-0.013842164400428514,676.8419174065638,857.1032069798856
RGB_X/absolute30/all,shuffled,ball.velocity.y,-0.002793190663826328,994.4224622822998,1221.3316922116849
RGB_X/absolute30/all,shuffled,ball.velocity.z,-0.007889392583430022,399.01223256759096,537.9673024627291
RGB_X/absolute30/all,shuffled,player0.location.x,0.004862781907913116,1787.6261840617751,2129.0339734019335
RGB_X/absolute30/all,shuffled,player0.location.y,-0.028113700241768624,2307.974974095515,2664.0849742312726
RGB_X/absolute30/all,shuffled,player0.location.z,-0.0017349418242784687,91.14692083911818,162.68844740351395
RGB_X/absolute30/all,shuffled,player0.velocity.x,-0.002472387620029215,738.7840967099529,891.288993210453
RGB_X/absolute30/all,shuffled,player0.velocity.y,-0.005728733790176799,986.6940013019113,1141.032187095221
RGB_X/absolute30/all,shuffled,player0.velocity.z,0.004023439573582643,74.11529513769293,165.6747051777815
RGB_X/absolute30/all,shuffled,player1.location.x,-0.028487012223842312,1736.725071091799,2115.0332481002074
RGB_X/absolute30/all,shuffled,player1.location.y,-0.044910242935649825,2246.0661065028103,2644.247765309245
RGB_X/absolute30/all,shuffled,player1.location.z,-0.058180729437378176,102.66603328161177,143.03632263397606
RGB_X/absolute30/all,shuffled,player1.velocity.x,-0.004173811421248841,686.4614763458641,842.4422735907996
RGB_X/absolute30/all,shuffled,player1.velocity.y,-0.0001278245130700295,916.8031722116704,1074.76585365248
RGB_X/absolute30/all,shuffled,player1.velocity.z,-0.014673072970565748,111.05857086984821,210.45380440284774
RGB_X/absolute30/all,shuffled,player2.location.x,-0.022735049641057214,1771.8327422787918,2152.2276641048265
RGB_X/absolute30/all,shuffled,player2.location.y,-0.0056401060087984956,2473.861444064571,2931.549483317209
RGB_X/absolute30/all,shuffled,player2.location.z,0.00010114449460341124,96.56577719087917,167.40525373703784
RGB_X/absolute30/all,shuffled,player2.velocity.x,-0.009220544893727922,746.4480044683062,892.346977117082
RGB_X/absolute30/all,shuffled,player2.velocity.y,-0.018225534985172542,952.5870255561122,1118.5375265780597
RGB_X/absolute30/all,shuffled,player2.velocity.z,-0.0061503746214919275,117.15236830001237,232.9274734873293
RGB_X/absolute30/all,shuffled,player3.location.x,-0.02181445747326416,1788.461995684646,2152.3430945004316
RGB_X/absolute30/all,shuffled,player3.location.y,0.003761720629305909,2350.879541466199,2786.2241867522594
RGB_X/absolute30/all,shuffled,player3.location.z,-0.03358569766478392,89.13988054437996,176.65488242314925
RGB_X/absolute30/all,shuffled,player3.velocity.x,-0.0007628148888056963,743.1740637029516,887.0886379894138
RGB_X/absolute30/all,shuffled,player3.velocity.y,-0.028242501214877036,935.7135146826532,1094.5559303511022
RGB_X/absolute30/all,shuffled,player3.velocity.z,0.003441286055856474,89.17954981283002,182.32099603079348
RGB_X/absolute30/all,mean_baseline,ball.location.x,-0.015292177830805498,1947.3397000162636,2317.8727729467046
RGB_X/absolute30/all,mean_baseline,ball.location.y,-0.009580783883050614,2301.5412136672608,2730.790030642984
RGB_X/absolute30/all,mean_baseline,ball.location.z,-0.011644381696993333,374.2821438935884,471.1725480170597
RGB_X/absolute30/all,mean_baseline,ball.velocity.x,-0.004244654594609765,674.6953217536045,853.036687873536
RGB_X/absolute30/all,mean_baseline,ball.velocity.y,-0.0036194843360590756,992.2849696820493,1221.834772435584
RGB_X/absolute30/all,mean_baseline,ball.velocity.z,-0.004337311129713806,397.01703717377535,537.0184928494391
RGB_X/absolute30/all,mean_baseline,player0.location.x,-0.004061532980069504,1791.291018186244,2138.559173126263
RGB_X/absolute30/all,mean_baseline,player0.location.y,-0.005247244997540257,2275.493365710031,2634.2921980254073
RGB_X/absolute30/all,mean_baseline,player0.location.z,-0.0007059736389880555,89.94023355699402,162.60487028163828
RGB_X/absolute30/all,mean_baseline,player0.velocity.x,-0.0002704508834190378,738.9990047216809,890.3095942357807
RGB_X/absolute30/all,mean_baseline,player0.velocity.y,-0.0035577751973714378,985.977645857528,1139.8000099816127
RGB_X/absolute30/all,mean_baseline,player0.velocity.z,-0.0008102598608903389,72.4989113988421,166.07624697552515
RGB_X/absolute30/all,mean_baseline,player1.location.x,-0.014778076768861448,1727.8257044851055,2100.8900829340287
RGB_X/absolute30/all,mean_baseline,player1.location.y,-0.015010201279291202,2197.192751359771,2606.1406860804723
RGB_X/absolute30/all,mean_baseline,player1.location.z,-0.009584642205668237,97.80023404255002,139.71330934018368
RGB_X/absolute30/all,mean_baseline,player1.velocity.x,-0.0006408076733923629,686.9041393019569,840.9589774570801
RGB_X/absolute30/all,mean_baseline,player1.velocity.y,-1.138454244675735e-05,916.0526462361835,1074.7032869764535
RGB_X/absolute30/all,mean_baseline,player1.velocity.z,-0.005618175667208236,108.89376912896446,209.5126598266042
RGB_X/absolute30/all,mean_baseline,player2.location.x,-0.005440806206312265,1752.2053648317922,2133.953212522112
RGB_X/absolute30/all,mean_baseline,player2.location.y,-0.003419445648666475,2470.760593324129,2928.3109621467024
RGB_X/absolute30/all,mean_baseline,player2.location.z,-0.0002812393951454606,97.47023478301243,167.43726045096446
RGB_X/absolute30/all,mean_baseline,player2.velocity.x,-0.005489061778163773,744.7823823144371,890.6957715054511
RGB_X/absolute30/all,mean_baseline,player2.velocity.y,-0.00094724702047011,946.2121989705495,1109.0066792979926
RGB_X/absolute30/all,mean_baseline,player2.velocity.z,-0.006027882879908963,119.5975905257457,232.9132944137804
RGB_X/absolute30/all,mean_baseline,player3.location.x,-0.0030909602692983373,1765.057534397913,2132.5323990091183
RGB_X/absolute30/all,mean_baseline,player3.location.y,-0.0010031081229333605,2359.367222481406,2792.879243679567
RGB_X/absolute30/all,mean_baseline,player3.location.z,-0.011126232374874645,89.00177108944708,174.72501578367607
RGB_X/absolute30/all,mean_baseline,player3.velocity.x,-0.00311515707184018,744.8540393290435,888.130598775411
RGB_X/absolute30/all,mean_baseline,player3.velocity.y,-0.02061054710366328,932.5662282461398,1090.486287630653
RGB_X/absolute30/all,mean_baseline,player3.velocity.z,-0.0005185456141734157,87.6699107485796,182.68286366937105
RGB_X/absolute30/position,main,ball.location.x,0.2288541661418575,1597.7033782201001,2020.0509910348264
RGB_X/absolute30/position,main,ball.location.y,0.3397716971443926,1771.236119802439,2208.334410666795
RGB_X/absolute30/position,main,ball.location.z,0.18009897100694827,323.1725341890921,424.1766500413986
RGB_X/absolute30/position,main,player0.location.x,0.10938979326832876,1637.7982902304177,2014.118140596219
RGB_X/absolute30/position,main,player0.location.y,0.07350908188266547,2124.0722753246873,2528.9956545566374
RGB_X/absolute30/position,main,player0.location.z,-0.031906762928441745,94.7496667255446,165.12032414975315
RGB_X/absolute30/position,main,player1.location.x,0.07667174682188027,1623.2108654461713,2003.991408851625
RGB_X/absolute30/position,main,player1.location.y,0.10682493508927238,2018.8081598761687,2444.730258745748
RGB_X/absolute30/position,main,player1.location.z,-0.033476257744975424,99.6683000810303,141.35678660138524
RGB_X/absolute30/position,main,player2.location.x,0.025332930488974226,1702.192598334614,2101.042251577364
RGB_X/absolute30/position,main,player2.location.y,0.09786870701213346,2299.4375998502496,2776.583961026346
RGB_X/absolute30/position,main,player2.location.z,-0.008944841797474679,98.9895865760315,168.16079815748174
RGB_X/absolute30/position,main,player3.location.x,0.11481510419029628,1615.8315181729108,2003.283791182146
RGB_X/absolute30/position,main,player3.location.y,0.08185023585925766,2222.5436346854394,2674.7993496512845
RGB_X/absolute30/position,main,player3.location.z,-0.0032736750415653937,91.83499272994692,174.04522308428142
RGB_X/absolute30/position,shuffled,ball.location.x,-0.022173191628720224,1953.6273328605216,2325.7140537401433
RGB_X/absolute30/position,shuffled,ball.location.y,-0.04259085096767046,2337.1497108552985,2775.0750039533573
RGB_X/absolute30/position,shuffled,ball.location.z,-0.006480002272807317,373.67990455974683,469.9683564622535
RGB_X/absolute30/position,shuffled,player0.location.x,0.004862781907913116,1787.6261840617751,2129.0339734019335
RGB_X/absolute30/position,shuffled,player0.location.y,-0.028113700241768624,2307.974974095515,2664.0849742312726
RGB_X/absolute30/position,shuffled,player0.location.z,-0.0017349418242784687,91.14692083911818,162.68844740351395
RGB_X/absolute30/position,shuffled,player1.location.x,-0.028487012223842312,1736.725071091799,2115.0332481002074
RGB_X/absolute30/position,shuffled,player1.location.y,-0.044910242935649825,2246.0661065028103,2644.247765309245
RGB_X/absolute30/position,shuffled,player1.location.z,-0.058180729437378176,102.66603328161177,143.03632263397606
RGB_X/absolute30/position,shuffled,player2.location.x,-0.022735049641057214,1771.8327422787918,2152.2276641048265
RGB_X/absolute30/position,shuffled,player2.location.y,-0.0056401060087984956,2473.861444064571,2931.549483317209
RGB_X/absolute30/position,shuffled,player2.location.z,0.00010114449460341124,96.56577719087917,167.40525373703784
RGB_X/absolute30/position,shuffled,player3.location.x,-0.02181445747326416,1788.461995684646,2152.3430945004316
RGB_X/absolute30/position,shuffled,player3.location.y,0.003761720629305909,2350.879541466199,2786.2241867522594
RGB_X/absolute30/position,shuffled,player3.location.z,-0.03358569766478392,89.13988054437996,176.65488242314925
RGB_X/absolute30/position,mean_baseline,ball.location.x,-0.015292177830805498,1947.3397000162636,2317.8727729467046
RGB_X/absolute30/position,mean_baseline,ball.location.y,-0.009580783883050614,2301.5412136672608,2730.790030642984
RGB_X/absolute30/position,mean_baseline,ball.location.z,-0.011644381696993333,374.2821438935884,471.1725480170597
RGB_X/absolute30/position,mean_baseline,player0.location.x,-0.004061532980069504,1791.291018186244,2138.559173126263
RGB_X/absolute30/position,mean_baseline,player0.location.y,-0.005247244997540257,2275.493365710031,2634.2921980254073
RGB_X/absolute30/position,mean_baseline,player0.location.z,-0.0007059736389880555,89.94023355699402,162.60487028163828
RGB_X/absolute30/position,mean_baseline,player1.location.x,-0.014778076768861448,1727.8257044851055,2100.8900829340287
RGB_X/absolute30/position,mean_baseline,player1.location.y,-0.015010201279291202,2197.192751359771,2606.1406860804723
RGB_X/absolute30/position,mean_baseline,player1.location.z,-0.009584642205668237,97.80023404255002,139.71330934018368
RGB_X/absolute30/position,mean_baseline,player2.location.x,-0.005440806206312265,1752.2053648317922,2133.953212522112
RGB_X/absolute30/position,mean_baseline,player2.location.y,-0.003419445648666475,2470.760593324129,2928.3109621467024
RGB_X/absolute30/position,mean_baseline,player2.location.z,-0.0002812393951454606,97.47023478301243,167.43726045096446
RGB_X/absolute30/position,mean_baseline,player3.location.x,-0.0030909602692983373,1765.057534397913,2132.5323990091183
RGB_X/absolute30/position,mean_baseline,player3.location.y,-0.0010031081229333605,2359.367222481406,2792.879243679567
RGB_X/absolute30/position,mean_baseline,player3.location.z,-0.011126232374874645,89.00177108944708,174.72501578367607
RGB_X/absolute30/velocity,main,ball.velocity.x,-0.0047816951650825334,677.6399183223781,853.2647468814229
RGB_X/absolute30/velocity,main,ball.velocity.y,-0.014449295449091126,1004.1493005694622,1228.4093432006282
RGB_X/absolute30/velocity,main,ball.velocity.z,-0.010737864290471189,396.12158676688335,538.7269609540979
RGB_X/absolute30/velocity,main,player0.velocity.x,0.0320204028875839,716.3796381702414,875.8211637502682
RGB_X/absolute30/velocity,main,player0.velocity.y,0.008450514741328852,974.9494707393262,1132.9602245780377
RGB_X/absolute30/velocity,main,player0.velocity.z,0.010094535057329046,80.2009349108672,165.16898824183565
RGB_X/absolute30/velocity,main,player1.velocity.x,0.003273400858551545,687.3860117630717,839.3125754130076
RGB_X/absolute30/velocity,main,player1.velocity.y,-0.0032905444352868685,915.2778526045084,1076.4638867497395
RGB_X/absolute30/velocity,main,player1.velocity.z,-0.03672056069067797,115.43962369944248,212.72795695444972
RGB_X/absolute30/velocity,main,player2.velocity.x,0.008956784147614028,744.3856936887673,884.2743175889076
RGB_X/absolute30/velocity,main,player2.velocity.y,-0.014910388139520503,949.9292449528717,1116.7151703429051
RGB_X/absolute30/velocity,main,player2.velocity.z,-0.022655646580567845,121.53798433905365,234.83021716140118
RGB_X/absolute30/velocity,main,player3.velocity.x,-0.01946692904198377,749.3077739554702,895.340042085096
RGB_X/absolute30/velocity,main,player3.velocity.y,-0.07965572627017758,958.1365308334416,1121.5866442475203
RGB_X/absolute30/velocity,main,player3.velocity.z,-0.046147026658358126,100.09947267440394,186.8020344463401
RGB_X/absolute30/velocity,shuffled,ball.velocity.x,-0.013842164400428514,676.8419174065638,857.1032069798856
RGB_X/absolute30/velocity,shuffled,ball.velocity.y,-0.002793190663826328,994.4224622822998,1221.3316922116849
RGB_X/absolute30/velocity,shuffled,ball.velocity.z,-0.007889392583430022,399.01223256759096,537.9673024627291
RGB_X/absolute30/velocity,shuffled,player0.velocity.x,-0.002472387620029215,738.7840967099529,891.288993210453
RGB_X/absolute30/velocity,shuffled,player0.velocity.y,-0.005728733790176799,986.6940013019113,1141.032187095221
RGB_X/absolute30/velocity,shuffled,player0.velocity.z,0.004023439573582643,74.11529513769293,165.6747051777815
RGB_X/absolute30/velocity,shuffled,player1.velocity.x,-0.004173811421248841,686.4614763458641,842.4422735907996
RGB_X/absolute30/velocity,shuffled,player1.velocity.y,-0.0001278245130700295,916.8031722116704,1074.76585365248
RGB_X/absolute30/velocity,shuffled,player1.velocity.z,-0.014673072970565748,111.05857086984821,210.45380440284774
RGB_X/absolute30/velocity,shuffled,player2.velocity.x,-0.009220544893727922,746.4480044683062,892.346977117082
RGB_X/absolute30/velocity,shuffled,player2.velocity.y,-0.018225534985172542,952.5870255561122,1118.5375265780597
RGB_X/absolute30/velocity,shuffled,player2.velocity.z,-0.0061503746214919275,117.15236830001237,232.9274734873293
RGB_X/absolute30/velocity,shuffled,player3.velocity.x,-0.0007628148888056963,743.1740637029516,887.0886379894138
RGB_X/absolute30/velocity,shuffled,player3.velocity.y,-0.028242501214877036,935.7135146826532,1094.5559303511022
RGB_X/absolute30/velocity,shuffled,player3.velocity.z,0.003441286055856474,89.17954981283002,182.32099603079348
RGB_X/absolute30/velocity,mean_baseline,ball.velocity.x,-0.004244654594609765,674.6953217536045,853.036687873536
RGB_X/absolute30/velocity,mean_baseline,ball.velocity.y,-0.0036194843360590756,992.2849696820493,1221.834772435584
RGB_X/absolute30/velocity,mean_baseline,ball.velocity.z,-0.004337311129713806,397.01703717377535,537.0184928494391
RGB_X/absolute30/velocity,mean_baseline,player0.velocity.x,-0.0002704508834190378,738.9990047216809,890.3095942357807
RGB_X/absolute30/velocity,mean_baseline,player0.velocity.y,-0.0035577751973714378,985.977645857528,1139.8000099816127
RGB_X/absolute30/velocity,mean_baseline,player0.velocity.z,-0.0008102598608903389,72.4989113988421,166.07624697552515
RGB_X/absolute30/velocity,mean_baseline,player1.velocity.x,-0.0006408076733923629,686.9041393019569,840.9589774570801
RGB_X/absolute30/velocity,mean_baseline,player1.velocity.y,-1.138454244675735e-05,916.0526462361835,1074.7032869764535
RGB_X/absolute30/velocity,mean_baseline,player1.velocity.z,-0.005618175667208236,108.89376912896446,209.5126598266042
RGB_X/absolute30/velocity,mean_baseline,player2.velocity.x,-0.005489061778163773,744.7823823144371,890.6957715054511
RGB_X/absolute30/velocity,mean_baseline,player2.velocity.y,-0.00094724702047011,946.2121989705495,1109.0066792979926
RGB_X/absolute30/velocity,mean_baseline,player2.velocity.z,-0.006027882879908963,119.5975905257457,232.9132944137804
RGB_X/absolute30/velocity,mean_baseline,player3.velocity.x,-0.00311515707184018,744.8540393290435,888.130598775411
RGB_X/absolute30/velocity,mean_baseline,player3.velocity.y,-0.02061054710366328,932.5662282461398,1090.486287630653
RGB_X/absolute30/velocity,mean_baseline,player3.velocity.z,-0.0005185456141734157,87.6699107485796,182.68286366937105
RGB_X/role12/all,main,ego.location.x,0.07571017261408475,1639.5768775548577,2036.8078528313415
RGB_X/role12/all,main,ego.location.y,0.4752132167989843,1620.979047378042,2080.784964346214
RGB_X/role12/all,main,ego.location.z,0.10063161610084359,87.85493978927329,153.14093876732656
RGB_X/role12/all,main,ego.velocity.x,0.052488410172053634,703.8790499805816,857.8116150034988
RGB_X/role12/all,main,ego.velocity.y,0.06747741040945987,890.3503457337276,1071.9366709281392
RGB_X/role12/all,main,ego.velocity.z,-0.003013597713593885,117.39046581679735,205.74081698751473
RGB_X/role12/all,main,ball_minus_ego.location.x,0.4392136041486199,774.1527875839621,1053.8744631595732
RGB_X/role12/all,main,ball_minus_ego.location.y,0.543241597401821,1282.0262062570725,1713.6965097045347
RGB_X/role12/all,main,ball_minus_ego.location.z,0.1405825035294137,322.75320000291885,432.8702930486369
RGB_X/role12/all,main,ball_minus_ego.velocity.x,-0.047748743818061046,673.6569428998808,907.9164713043176
RGB_X/role12/all,main,ball_minus_ego.velocity.y,-4.836534835894746e-05,987.5041360953619,1277.4229302860476
RGB_X/role12/all,main,ball_minus_ego.velocity.z,-0.05180914738165865,429.3498994944275,571.7375641093254
RGB_X/role12/all,shuffled,ego.location.x,-0.015683375761442298,1771.2867879686266,2135.1340483619656
RGB_X/role12/all,shuffled,ego.location.y,0.1021825513870499,2323.663691945262,2721.634348554809
RGB_X/role12/all,shuffled,ego.location.z,-0.009573250374781406,94.65115460235457,162.25250640026647
RGB_X/role12/all,shuffled,ego.velocity.x,-0.019504372413398308,740.3549308281398,889.8036918094072
RGB_X/role12/all,shuffled,ego.velocity.y,-0.010536265217076624,956.5910359281943,1115.874619554239
RGB_X/role12/all,shuffled,ego.velocity.z,0.011693794655140755,101.14827604004726,204.2268368214281
RGB_X/role12/all,shuffled,ball_minus_ego.location.x,0.058887218675103825,897.7317431525192,1365.2462180597752
RGB_X/role12/all,shuffled,ball_minus_ego.location.y,0.09638512378089048,1713.1454867121372,2410.3622973601737
RGB_X/role12/all,shuffled,ball_minus_ego.location.z,-0.0061022101399210715,364.1550238758999,468.35670086914934
RGB_X/role12/all,shuffled,ball_minus_ego.velocity.x,-0.031036235037251947,669.0938398950657,900.6463326250484
RGB_X/role12/all,shuffled,ball_minus_ego.velocity.y,2.3583580614161548e-05,969.8360006031803,1277.3769770761648
RGB_X/role12/all,shuffled,ball_minus_ego.velocity.z,-0.019888248883590753,420.5355553262729,562.9950147310905
RGB_X/role12/all,mean_baseline,ego.location.x,-0.0061238075403691195,1757.4809161157154,2125.062398965954
RGB_X/role12/all,mean_baseline,ego.location.y,-0.00033092749733132365,2469.82062972568,2872.814636182625
RGB_X/role12/all,mean_baseline,ego.location.z,-3.1621040123663846e-05,94.53315427657809,161.48394967568586
RGB_X/role12/all,mean_baseline,ego.velocity.x,-0.00015464278558896538,732.3893769035252,881.3192062062934
RGB_X/role12/all,mean_baseline,ego.velocity.y,-0.003301672645417586,955.6802619667491,1111.8730813308352
RGB_X/role12/all,mean_baseline,ego.velocity.z,-0.00017713100356275824,95.09797486529447,205.44969922757747
RGB_X/role12/all,mean_baseline,ball_minus_ego.location.x,-0.0071111882426388995,936.1033660712012,1412.3061707349107
RGB_X/role12/all,mean_baseline,ball_minus_ego.location.y,-0.007107460133051191,1772.5708348163728,2544.6528685499625
RGB_X/role12/all,mean_baseline,ball_minus_ego.location.z,-0.011302969965309773,364.4317923043337,469.56565905994484
RGB_X/role12/all,mean_baseline,ball_minus_ego.velocity.x,-0.005606992309753256,659.441897164787,889.4703238253546
RGB_X/role12/all,mean_baseline,ball_minus_ego.velocity.y,-5.638952074393799e-05,965.9493183550418,1277.4280551588013
RGB_X/role12/all,mean_baseline,ball_minus_ego.velocity.z,-0.004652392568605501,414.97188730841316,558.7739700373228
RGB_X/role12/position,main,ego.location.x,0.07571017261408475,1639.5768775548577,2036.8078528313415
RGB_X/role12/position,main,ego.location.y,0.4752132167989843,1620.979047378042,2080.784964346214
RGB_X/role12/position,main,ego.location.z,0.10063161610084359,87.85493978927329,153.14093876732656
RGB_X/role12/position,main,ball_minus_ego.location.x,0.4392136041486199,774.1527875839621,1053.8744631595732
RGB_X/role12/position,main,ball_minus_ego.location.y,0.543241597401821,1282.0262062570725,1713.6965097045347
RGB_X/role12/position,main,ball_minus_ego.location.z,0.1405825035294137,322.75320000291885,432.8702930486369
RGB_X/role12/position,shuffled,ego.location.x,-0.015683375761442298,1771.2867879686266,2135.1340483619656
RGB_X/role12/position,shuffled,ego.location.y,0.1021825513870499,2323.663691945262,2721.634348554809
RGB_X/role12/position,shuffled,ego.location.z,-0.009573250374781406,94.65115460235457,162.25250640026647
RGB_X/role12/position,shuffled,ball_minus_ego.location.x,0.058887218675103825,897.7317431525192,1365.2462180597752
RGB_X/role12/position,shuffled,ball_minus_ego.location.y,0.09638512378089048,1713.1454867121372,2410.3622973601737
RGB_X/role12/position,shuffled,ball_minus_ego.location.z,-0.0061022101399210715,364.1550238758999,468.35670086914934
RGB_X/role12/position,mean_baseline,ego.location.x,-0.0061238075403691195,1757.4809161157154,2125.062398965954
RGB_X/role12/position,mean_baseline,ego.location.y,-0.00033092749733132365,2469.82062972568,2872.814636182625
RGB_X/role12/position,mean_baseline,ego.location.z,-3.1621040123663846e-05,94.53315427657809,161.48394967568586
RGB_X/role12/position,mean_baseline,ball_minus_ego.location.x,-0.0071111882426388995,936.1033660712012,1412.3061707349107
RGB_X/role12/position,mean_baseline,ball_minus_ego.location.y,-0.007107460133051191,1772.5708348163728,2544.6528685499625
RGB_X/role12/position,mean_baseline,ball_minus_ego.location.z,-0.011302969965309773,364.4317923043337,469.56565905994484
RGB_X/role12/velocity,main,ego.velocity.x,0.05112052054898786,709.8449126049405,858.4305881266386
RGB_X/role12/velocity,main,ego.velocity.y,0.060650641175896025,913.4179697958845,1075.8532087659103
RGB_X/role12/velocity,main,ego.velocity.z,0.006939135533957752,104.5582645031088,204.717506566871
RGB_X/role12/velocity,main,ball_minus_ego.velocity.x,-0.009606134932664157,660.6044692338025,891.2372114856049
RGB_X/role12/velocity,main,ball_minus_ego.velocity.y,0.01638753007281213,964.8277919170912,1266.8821540390375
RGB_X/role12/velocity,main,ball_minus_ego.velocity.z,-0.015054932421487033,416.70052282806256,561.659395537477
RGB_X/role12/velocity,shuffled,ego.velocity.x,-0.006038166721925808,734.9329770573629,883.9076355582584
RGB_X/role12/velocity,shuffled,ego.velocity.y,-0.0007821209759157899,953.4881925508012,1110.476102365595
RGB_X/role12/velocity,shuffled,ego.velocity.z,0.004201876609779331,95.72420646673264,204.99945263265266
RGB_X/role12/velocity,shuffled,ball_minus_ego.velocity.x,-0.008175967508544879,660.6559584056062,890.6057423927571
RGB_X/role12/velocity,shuffled,ball_minus_ego.velocity.y,-0.0006684512033543477,966.3994196053889,1277.8189057043408
RGB_X/role12/velocity,shuffled,ball_minus_ego.velocity.z,-0.006383988727824974,416.53485902506026,559.2553078142674
RGB_X/role12/velocity,mean_baseline,ego.velocity.x,-0.00015464278558896538,732.3893769035252,881.3192062062934
RGB_X/role12/velocity,mean_baseline,ego.velocity.y,-0.003301672645417586,955.6802619667491,1111.8730813308352
RGB_X/role12/velocity,mean_baseline,ego.velocity.z,-0.00017713100356275824,95.09797486529447,205.44969922757747
RGB_X/role12/velocity,mean_baseline,ball_minus_ego.velocity.x,-0.005606992309753256,659.441897164787,889.4703238253546
RGB_X/role12/velocity,mean_baseline,ball_minus_ego.velocity.y,-5.638952074393799e-05,965.9493183550418,1277.4280551588013
RGB_X/role12/velocity,mean_baseline,ball_minus_ego.velocity.z,-0.004652392568605501,414.97188730841316,558.7739700373228
codec_mean_X/absolute30/all,main,ball.location.x,-0.00037888773099936657,1942.4958074821002,2300.7865651806906
codec_mean_X/absolute30/all,main,ball.location.y,0.031875483808124994,2267.3959008705183,2674.135317927204
codec_mean_X/absolute30/all,main,ball.location.z,0.21172196744629346,312.86198964840787,415.91612112485717
codec_mean_X/absolute30/all,main,ball.velocity.x,-0.01966026228607687,676.2068314668485,859.5590017396614
codec_mean_X/absolute30/all,main,ball.velocity.y,-0.013942996473914837,1000.7263457701034,1228.102763061709
codec_mean_X/absolute30/all,main,ball.velocity.z,-0.009646092999598954,393.61541885431626,538.4359233039931
codec_mean_X/absolute30/all,main,player0.location.x,0.005321551139069736,1784.6387010746816,2128.5431627585804
codec_mean_X/absolute30/all,main,player0.location.y,-0.03096195009973357,2284.381735098055,2667.772665362653
codec_mean_X/absolute30/all,main,player0.location.z,0.00818476685153724,90.23478413435203,161.8809298308121
codec_mean_X/absolute30/all,main,player0.velocity.x,0.0006319587462059184,732.8248376293093,889.907900255102
codec_mean_X/absolute30/all,main,player0.velocity.y,-0.02367942481273677,993.0231050604168,1151.1699746669356
codec_mean_X/absolute30/all,main,player0.velocity.z,-0.00896166188073133,79.05485176301485,166.75120453878463
codec_mean_X/absolute30/all,main,player1.location.x,-0.014505851415632876,1731.7129833257916,2100.6082706251036
codec_mean_X/absolute30/all,main,player1.location.y,0.022111406812480028,2143.898783211982,2558.0400685433783
codec_mean_X/absolute30/all,main,player1.location.z,0.008824808421405872,94.80525188730547,138.43363530284273
codec_mean_X/absolute30/all,main,player1.velocity.x,-0.025854057754624904,693.6582860989645,851.4879305251077
codec_mean_X/absolute30/all,main,player1.velocity.y,-0.03742222838449627,928.5457008712357,1094.6212620011984
codec_mean_X/absolute30/all,main,player1.velocity.z,-0.05087287070289115,116.9256232831899,214.17501376961346
codec_mean_X/absolute30/all,main,player2.location.x,-0.004056841114546295,1750.856215656863,2132.484039136776
codec_mean_X/absolute30/all,main,player2.location.y,0.021718376403450423,2432.129807617782,2891.398054990372
codec_mean_X/absolute30/all,main,player2.location.z,0.02265895870778223,98.68690795063742,165.5061423000697
codec_mean_X/absolute30/all,main,player2.velocity.x,-0.01993462641576471,751.4610556732409,897.0711365713532
codec_mean_X/absolute30/all,main,player2.velocity.y,-0.020096927423691957,955.579066213777,1119.5649324420226
codec_mean_X/absolute30/all,main,player2.velocity.z,-0.023069774668376786,124.5678065463184,234.8777600198882
codec_mean_X/absolute30/all,main,player3.location.x,0.009456573769747512,1764.063653244486,2119.1526410552947
codec_mean_X/absolute30/all,main,player3.location.y,0.01348004001807368,2334.900035562776,2772.6010524513886
codec_mean_X/absolute30/all,main,player3.location.z,0.019446798929130482,88.57978779760312,172.0631939918165
codec_mean_X/absolute30/all,main,player3.velocity.x,-0.024582277693929955,748.3273980011594,897.5834918297884
codec_mean_X/absolute30/all,main,player3.velocity.y,-0.03806160334652309,943.1025964727604,1099.769690749465
codec_mean_X/absolute30/all,main,player3.velocity.z,-0.036850093706393805,96.23197475137285,185.97014294604784
codec_mean_X/absolute30/all,shuffled,ball.location.x,-0.019545600400356022,1951.6578008051335,2322.722898135009
codec_mean_X/absolute30/all,shuffled,ball.location.y,-0.010912031771961761,2303.0980974493255,2732.58986721957
codec_mean_X/absolute30/all,shuffled,ball.location.z,-0.0063004748979025305,373.39422481909685,469.92644010630613
codec_mean_X/absolute30/all,shuffled,ball.velocity.x,-0.0037583796885356513,675.0441959399552,852.8301343408106
codec_mean_X/absolute30/all,shuffled,ball.velocity.y,-0.0011361572986410273,991.2726518548741,1220.3221998707684
codec_mean_X/absolute30/all,shuffled,ball.velocity.z,-0.005864454279740583,397.9157305173249,537.4266189782658
codec_mean_X/absolute30/all,shuffled,player0.location.x,-0.0030368635288706702,1793.7813273679246,2137.4676685019167
codec_mean_X/absolute30/all,shuffled,player0.location.y,-0.013353045300547484,2286.9590569412785,2644.891667093765
codec_mean_X/absolute30/all,shuffled,player0.location.z,-0.00217422301472725,90.85407112003749,162.72411459388533
codec_mean_X/absolute30/all,shuffled,player0.velocity.x,-3.392399203128171e-05,737.5613405591148,890.2043254003859
codec_mean_X/absolute30/all,shuffled,player0.velocity.y,-0.003568480267464702,986.2963692120505,1139.806089156505
codec_mean_X/absolute30/all,shuffled,player0.velocity.z,-0.0001651607753094808,73.3797575038348,166.02271389877177
codec_mean_X/absolute30/all,shuffled,player1.location.x,-0.018900866395840765,1729.8291978252753,2105.153452659617
codec_mean_X/absolute30/all,shuffled,player1.location.y,-0.028939981170140294,2225.3128425350933,2623.9628025375273
codec_mean_X/absolute30/all,shuffled,player1.location.z,-0.039479100526627064,100.82065099803175,141.7667205291118
codec_mean_X/absolute30/all,shuffled,player1.velocity.x,0.003911588780237896,685.0635948093903,839.0438332542549
codec_mean_X/absolute30/all,shuffled,player1.velocity.y,-7.486584863358736e-05,916.5657752394133,1074.7373978309854
codec_mean_X/absolute30/all,shuffled,player1.velocity.z,-0.01196801379298118,110.2185381995168,210.17308840657734
codec_mean_X/absolute30/all,shuffled,player2.location.x,-0.010776310441406034,1756.9742158511422,2139.6077728538007
codec_mean_X/absolute30/all,shuffled,player2.location.y,-0.0022482173978362052,2470.601646540227,2926.6014467742357
codec_mean_X/absolute30/all,shuffled,player2.location.z,0.001514986343549074,96.90189667768153,167.28685762204
codec_mean_X/absolute30/all,shuffled,player2.velocity.x,-0.00687972400889536,745.6829460667287,891.3115061882163
codec_mean_X/absolute30/all,shuffled,player2.velocity.y,-0.009845128286086968,949.7739270451546,1113.9250088312372
codec_mean_X/absolute30/all,shuffled,player2.velocity.z,-0.003093863653739204,118.89111358031819,232.57340767869889
codec_mean_X/absolute30/all,shuffled,player3.location.x,-0.007199376905243193,1769.198603994098,2136.895103482257
codec_mean_X/absolute30/all,shuffled,player3.location.y,0.0028595551148679066,2355.900167365275,2787.485464609611
codec_mean_X/absolute30/all,shuffled,player3.location.z,-0.02493345406631664,88.50483527769397,175.91393115952633
codec_mean_X/absolute30/all,shuffled,player3.velocity.x,-0.0006128443012924922,743.1923158182913,887.0221675996647
codec_mean_X/absolute30/all,shuffled,player3.velocity.y,-0.022222513532516475,933.2071273559951,1091.3471124355533
codec_mean_X/absolute30/all,shuffled,player3.velocity.z,0.0008532148857021138,88.15655598914036,182.55758708569792
codec_mean_X/absolute30/all,mean_baseline,ball.location.x,-0.015292177830805498,1947.3397000162636,2317.8727729467046
codec_mean_X/absolute30/all,mean_baseline,ball.location.y,-0.009580783883050614,2301.5412136672608,2730.790030642984
codec_mean_X/absolute30/all,mean_baseline,ball.location.z,-0.011644381696993333,374.2821438935884,471.1725480170597
codec_mean_X/absolute30/all,mean_baseline,ball.velocity.x,-0.004244654594609765,674.6953217536045,853.036687873536
codec_mean_X/absolute30/all,mean_baseline,ball.velocity.y,-0.0036194843360590756,992.2849696820493,1221.834772435584
codec_mean_X/absolute30/all,mean_baseline,ball.velocity.z,-0.004337311129713806,397.01703717377535,537.0184928494391
codec_mean_X/absolute30/all,mean_baseline,player0.location.x,-0.004061532980069504,1791.291018186244,2138.559173126263
codec_mean_X/absolute30/all,mean_baseline,player0.location.y,-0.005247244997540257,2275.493365710031,2634.2921980254073
codec_mean_X/absolute30/all,mean_baseline,player0.location.z,-0.0007059736389880555,89.94023355699402,162.60487028163828
codec_mean_X/absolute30/all,mean_baseline,player0.velocity.x,-0.0002704508834190378,738.9990047216809,890.3095942357807
codec_mean_X/absolute30/all,mean_baseline,player0.velocity.y,-0.0035577751973714378,985.977645857528,1139.8000099816127
codec_mean_X/absolute30/all,mean_baseline,player0.velocity.z,-0.0008102598608903389,72.4989113988421,166.07624697552515
codec_mean_X/absolute30/all,mean_baseline,player1.location.x,-0.014778076768861448,1727.8257044851055,2100.8900829340287
codec_mean_X/absolute30/all,mean_baseline,player1.location.y,-0.015010201279291202,2197.192751359771,2606.1406860804723
codec_mean_X/absolute30/all,mean_baseline,player1.location.z,-0.009584642205668237,97.80023404255002,139.71330934018368
codec_mean_X/absolute30/all,mean_baseline,player1.velocity.x,-0.0006408076733923629,686.9041393019569,840.9589774570801
codec_mean_X/absolute30/all,mean_baseline,player1.velocity.y,-1.138454244675735e-05,916.0526462361835,1074.7032869764535
codec_mean_X/absolute30/all,mean_baseline,player1.velocity.z,-0.005618175667208236,108.89376912896446,209.5126598266042
codec_mean_X/absolute30/all,mean_baseline,player2.location.x,-0.005440806206312265,1752.2053648317922,2133.953212522112
codec_mean_X/absolute30/all,mean_baseline,player2.location.y,-0.003419445648666475,2470.760593324129,2928.3109621467024
codec_mean_X/absolute30/all,mean_baseline,player2.location.z,-0.0002812393951454606,97.47023478301243,167.43726045096446
codec_mean_X/absolute30/all,mean_baseline,player2.velocity.x,-0.005489061778163773,744.7823823144371,890.6957715054511
codec_mean_X/absolute30/all,mean_baseline,player2.velocity.y,-0.00094724702047011,946.2121989705495,1109.0066792979926
codec_mean_X/absolute30/all,mean_baseline,player2.velocity.z,-0.006027882879908963,119.5975905257457,232.9132944137804
codec_mean_X/absolute30/all,mean_baseline,player3.location.x,-0.0030909602692983373,1765.057534397913,2132.5323990091183
codec_mean_X/absolute30/all,mean_baseline,player3.location.y,-0.0010031081229333605,2359.367222481406,2792.879243679567
codec_mean_X/absolute30/all,mean_baseline,player3.location.z,-0.011126232374874645,89.00177108944708,174.72501578367607
codec_mean_X/absolute30/all,mean_baseline,player3.velocity.x,-0.00311515707184018,744.8540393290435,888.130598775411
codec_mean_X/absolute30/all,mean_baseline,player3.velocity.y,-0.02061054710366328,932.5662282461398,1090.486287630653
codec_mean_X/absolute30/all,mean_baseline,player3.velocity.z,-0.0005185456141734157,87.6699107485796,182.68286366937105
codec_mean_X/absolute30/position,main,ball.location.x,-0.00037888773099936657,1942.4958074821002,2300.7865651806906
codec_mean_X/absolute30/position,main,ball.location.y,0.031875483808124994,2267.3959008705183,2674.135317927204
codec_mean_X/absolute30/position,main,ball.location.z,0.21172196744629346,312.86198964840787,415.91612112485717
codec_mean_X/absolute30/position,main,player0.location.x,0.005321551139069736,1784.6387010746816,2128.5431627585804
codec_mean_X/absolute30/position,main,player0.location.y,-0.03096195009973357,2284.381735098055,2667.772665362653
codec_mean_X/absolute30/position,main,player0.location.z,0.00818476685153724,90.23478413435203,161.8809298308121
codec_mean_X/absolute30/position,main,player1.location.x,-0.014505851415632876,1731.7129833257916,2100.6082706251036
codec_mean_X/absolute30/position,main,player1.location.y,0.022111406812480028,2143.898783211982,2558.0400685433783
codec_mean_X/absolute30/position,main,player1.location.z,0.008824808421405872,94.80525188730547,138.43363530284273
codec_mean_X/absolute30/position,main,player2.location.x,-0.004056841114546295,1750.856215656863,2132.484039136776
codec_mean_X/absolute30/position,main,player2.location.y,0.021718376403450423,2432.129807617782,2891.398054990372
codec_mean_X/absolute30/position,main,player2.location.z,0.02265895870778223,98.68690795063742,165.5061423000697
codec_mean_X/absolute30/position,main,player3.location.x,0.009456573769747512,1764.063653244486,2119.1526410552947
codec_mean_X/absolute30/position,main,player3.location.y,0.01348004001807368,2334.900035562776,2772.6010524513886
codec_mean_X/absolute30/position,main,player3.location.z,0.019446798929130482,88.57978779760312,172.0631939918165
codec_mean_X/absolute30/position,shuffled,ball.location.x,-0.019545600400356022,1951.6578008051335,2322.722898135009
codec_mean_X/absolute30/position,shuffled,ball.location.y,-0.010912031771961761,2303.0980974493255,2732.58986721957
codec_mean_X/absolute30/position,shuffled,ball.location.z,-0.0063004748979025305,373.39422481909685,469.92644010630613
codec_mean_X/absolute30/position,shuffled,player0.location.x,-0.0030368635288706702,1793.7813273679246,2137.4676685019167
codec_mean_X/absolute30/position,shuffled,player0.location.y,-0.013353045300547484,2286.9590569412785,2644.891667093765
codec_mean_X/absolute30/position,shuffled,player0.location.z,-0.00217422301472725,90.85407112003749,162.72411459388533
codec_mean_X/absolute30/position,shuffled,player1.location.x,-0.018900866395840765,1729.8291978252753,2105.153452659617
codec_mean_X/absolute30/position,shuffled,player1.location.y,-0.028939981170140294,2225.3128425350933,2623.9628025375273
codec_mean_X/absolute30/position,shuffled,player1.location.z,-0.039479100526627064,100.82065099803175,141.7667205291118
codec_mean_X/absolute30/position,shuffled,player2.location.x,-0.010776310441406034,1756.9742158511422,2139.6077728538007
codec_mean_X/absolute30/position,shuffled,player2.location.y,-0.0022482173978362052,2470.601646540227,2926.6014467742357
codec_mean_X/absolute30/position,shuffled,player2.location.z,0.001514986343549074,96.90189667768153,167.28685762204
codec_mean_X/absolute30/position,shuffled,player3.location.x,-0.007199376905243193,1769.198603994098,2136.895103482257
codec_mean_X/absolute30/position,shuffled,player3.location.y,0.0028595551148679066,2355.900167365275,2787.485464609611
codec_mean_X/absolute30/position,shuffled,player3.location.z,-0.02493345406631664,88.50483527769397,175.91393115952633
codec_mean_X/absolute30/position,mean_baseline,ball.location.x,-0.015292177830805498,1947.3397000162636,2317.8727729467046
codec_mean_X/absolute30/position,mean_baseline,ball.location.y,-0.009580783883050614,2301.5412136672608,2730.790030642984
codec_mean_X/absolute30/position,mean_baseline,ball.location.z,-0.011644381696993333,374.2821438935884,471.1725480170597
codec_mean_X/absolute30/position,mean_baseline,player0.location.x,-0.004061532980069504,1791.291018186244,2138.559173126263
codec_mean_X/absolute30/position,mean_baseline,player0.location.y,-0.005247244997540257,2275.493365710031,2634.2921980254073
codec_mean_X/absolute30/position,mean_baseline,player0.location.z,-0.0007059736389880555,89.94023355699402,162.60487028163828
codec_mean_X/absolute30/position,mean_baseline,player1.location.x,-0.014778076768861448,1727.8257044851055,2100.8900829340287
codec_mean_X/absolute30/position,mean_baseline,player1.location.y,-0.015010201279291202,2197.192751359771,2606.1406860804723
codec_mean_X/absolute30/position,mean_baseline,player1.location.z,-0.009584642205668237,97.80023404255002,139.71330934018368
codec_mean_X/absolute30/position,mean_baseline,player2.location.x,-0.005440806206312265,1752.2053648317922,2133.953212522112
codec_mean_X/absolute30/position,mean_baseline,player2.location.y,-0.003419445648666475,2470.760593324129,2928.3109621467024
codec_mean_X/absolute30/position,mean_baseline,player2.location.z,-0.0002812393951454606,97.47023478301243,167.43726045096446
codec_mean_X/absolute30/position,mean_baseline,player3.location.x,-0.0030909602692983373,1765.057534397913,2132.5323990091183
codec_mean_X/absolute30/position,mean_baseline,player3.location.y,-0.0010031081229333605,2359.367222481406,2792.879243679567
codec_mean_X/absolute30/position,mean_baseline,player3.location.z,-0.011126232374874645,89.00177108944708,174.72501578367607
codec_mean_X/absolute30/velocity,main,ball.velocity.x,-0.004044229499126528,674.2773176933622,852.9515599666333
codec_mean_X/absolute30/velocity,main,ball.velocity.y,-0.003623335858012,992.3814255824688,1221.8371169092652
codec_mean_X/absolute30/velocity,main,ball.velocity.z,-0.004038462504792006,396.8743885829402,536.9385898244743
codec_mean_X/absolute30/velocity,main,player0.velocity.x,0.0020128899767161146,737.2679463238449,889.292848352305
codec_mean_X/absolute30/velocity,main,player0.velocity.y,-0.003765965160274165,986.1693870610841,1139.9182306870441
codec_mean_X/absolute30/velocity,main,player0.velocity.z,-0.0007513432297030498,72.50066521579933,166.07135853793028
codec_mean_X/absolute30/velocity,main,player1.velocity.x,-0.001281579242824904,687.1501059775869,841.2281931239874
codec_mean_X/absolute30/velocity,main,player1.velocity.y,-0.00012175497913857747,916.1607697818035,1074.7625924004908
codec_mean_X/absolute30/velocity,main,player1.velocity.z,-0.007414811807815669,109.27676126598465,209.69973383177702
codec_mean_X/absolute30/velocity,main,player2.velocity.x,-0.005158192212293189,744.5865164522612,890.5492117951007
codec_mean_X/absolute30/velocity,main,player2.velocity.y,-0.0015575463647490295,946.484952391403,1109.3447205452883
codec_mean_X/absolute30/velocity,main,player2.velocity.z,-0.006262902206490395,119.68153777028975,232.94049839589277
codec_mean_X/absolute30/velocity,main,player3.velocity.x,-0.002537950697815594,744.017066142977,887.8750406749974
codec_mean_X/absolute30/velocity,main,player3.velocity.y,-0.01991357524100623,932.3281372208027,1090.1138791431395
codec_mean_X/absolute30/velocity,main,player3.velocity.z,-0.0015831618172574835,87.5316638108724,182.78003099742128
codec_mean_X/absolute30/velocity,shuffled,ball.velocity.x,-0.0035524657263517057,673.6520530835027,852.742653806262
codec_mean_X/absolute30/velocity,shuffled,ball.velocity.y,-0.006138320233030736,993.6858620450578,1223.3670626852495
codec_mean_X/absolute30/velocity,shuffled,ball.velocity.z,-0.011737641627201034,398.8394195771154,538.9933375783087
codec_mean_X/absolute30/velocity,shuffled,player0.velocity.x,-0.008104100452863028,739.5875371659387,893.7890390032909
codec_mean_X/absolute30/velocity,shuffled,player0.velocity.y,-0.010632609727612152,990.0637845224535,1143.8106082868067
codec_mean_X/absolute30/velocity,shuffled,player0.velocity.z,-0.0016365291582474129,76.03189492822625,166.1447891348634
codec_mean_X/absolute30/velocity,shuffled,player1.velocity.x,0.00786895243783381,684.0054344619426,837.3754542167839
codec_mean_X/absolute30/velocity,shuffled,player1.velocity.y,-0.005549652924584869,916.0844168019207,1077.6751417095284
codec_mean_X/absolute30/velocity,shuffled,player1.velocity.z,-0.02063331238992605,112.11385329710484,211.0710073467568
codec_mean_X/absolute30/velocity,shuffled,player2.velocity.x,-0.009787070444879253,746.9626714936602,892.5974012883363
codec_mean_X/absolute30/velocity,shuffled,player2.velocity.y,-0.017153611161127902,952.5514518198157,1117.9486085523542
codec_mean_X/absolute30/velocity,shuffled,player2.velocity.z,-0.0016149988636420254,118.5929383784243,232.40190254870998
codec_mean_X/absolute30/velocity,shuffled,player3.velocity.x,0.002940670479650187,741.6872430419668,885.44570879363
codec_mean_X/absolute30/velocity,shuffled,player3.velocity.y,-0.024963903461849624,934.1935374999985,1092.8095165481734
codec_mean_X/absolute30/velocity,shuffled,player3.velocity.z,-0.002058577971581821,91.01053577615262,182.82340546371555
codec_mean_X/absolute30/velocity,mean_baseline,ball.velocity.x,-0.004244654594609765,674.6953217536045,853.036687873536
codec_mean_X/absolute30/velocity,mean_baseline,ball.velocity.y,-0.0036194843360590756,992.2849696820493,1221.834772435584
codec_mean_X/absolute30/velocity,mean_baseline,ball.velocity.z,-0.004337311129713806,397.01703717377535,537.0184928494391
codec_mean_X/absolute30/velocity,mean_baseline,player0.velocity.x,-0.0002704508834190378,738.9990047216809,890.3095942357807
codec_mean_X/absolute30/velocity,mean_baseline,player0.velocity.y,-0.0035577751973714378,985.977645857528,1139.8000099816127
codec_mean_X/absolute30/velocity,mean_baseline,player0.velocity.z,-0.0008102598608903389,72.4989113988421,166.07624697552515
codec_mean_X/absolute30/velocity,mean_baseline,player1.velocity.x,-0.0006408076733923629,686.9041393019569,840.9589774570801
codec_mean_X/absolute30/velocity,mean_baseline,player1.velocity.y,-1.138454244675735e-05,916.0526462361835,1074.7032869764535
codec_mean_X/absolute30/velocity,mean_baseline,player1.velocity.z,-0.005618175667208236,108.89376912896446,209.5126598266042
codec_mean_X/absolute30/velocity,mean_baseline,player2.velocity.x,-0.005489061778163773,744.7823823144371,890.6957715054511
codec_mean_X/absolute30/velocity,mean_baseline,player2.velocity.y,-0.00094724702047011,946.2121989705495,1109.0066792979926
codec_mean_X/absolute30/velocity,mean_baseline,player2.velocity.z,-0.006027882879908963,119.5975905257457,232.9132944137804
codec_mean_X/absolute30/velocity,mean_baseline,player3.velocity.x,-0.00311515707184018,744.8540393290435,888.130598775411
codec_mean_X/absolute30/velocity,mean_baseline,player3.velocity.y,-0.02061054710366328,932.5662282461398,1090.486287630653
codec_mean_X/absolute30/velocity,mean_baseline,player3.velocity.z,-0.0005185456141734157,87.6699107485796,182.68286366937105
codec_mean_X/role12/all,main,ego.location.x,0.018141499971122466,1750.7615313080485,2099.2802800817935
codec_mean_X/role12/all,main,ego.location.y,0.04109026381580083,2369.5566231092203,2812.707820669783
codec_mean_X/role12/all,main,ego.location.z,0.22883451739253802,81.33310094779169,141.80654892672828
codec_mean_X/role12/all,main,ego.velocity.x,-0.000546935408441751,730.1809618062682,881.4920300441029
codec_mean_X/role12/all,main,ego.velocity.y,-0.035375184320107333,969.8656617839423,1129.5054315844452
codec_mean_X/role12/all,main,ego.velocity.z,-0.007990652815030419,107.04547224725819,206.250638713586
codec_mean_X/role12/all,main,ball_minus_ego.location.x,0.05275994263082684,938.4401972500677,1369.6833423470398
codec_mean_X/role12/all,main,ball_minus_ego.location.y,0.050497224928219175,1810.6128716921692,2470.8066336318298
codec_mean_X/role12/all,main,ball_minus_ego.location.z,0.1614465816013697,315.9031111876458,427.58361380322117
codec_mean_X/role12/all,main,ball_minus_ego.velocity.x,-0.024737614423254506,667.3260513871595,897.8910851440999
codec_mean_X/role12/all,main,ball_minus_ego.velocity.y,0.0019306270974477346,964.3121997096912,1276.1583603294205
codec_mean_X/role12/all,main,ball_minus_ego.velocity.z,-0.021405509039901904,414.4149512950881,563.4136353225334
codec_mean_X/role12/all,shuffled,ego.location.x,-0.007775820936869904,1758.997562391952,2126.80631538527
codec_mean_X/role12/all,shuffled,ego.location.y,-0.0018511544144890202,2472.3584832477454,2874.9967501178485
codec_mean_X/role12/all,shuffled,ego.location.z,-0.0006111845084464385,94.55991163562881,161.5307365172094
codec_mean_X/role12/all,shuffled,ego.velocity.x,0.0009085749073274307,731.7566696304139,880.8506369996824
codec_mean_X/role12/all,shuffled,ego.velocity.y,-0.003515059892074568,955.8307859055677,1111.9913144245693
codec_mean_X/role12/all,shuffled,ego.velocity.z,0.002762807778063703,94.71828445149778,205.1475257263116
codec_mean_X/role12/all,shuffled,ball_minus_ego.location.x,-0.010071737734434594,937.6207133378387,1414.3804868880159
codec_mean_X/role12/all,shuffled,ball_minus_ego.location.y,-0.003492096552576651,1774.123995795842,2540.0813024375357
codec_mean_X/role12/all,shuffled,ball_minus_ego.location.z,-0.007120078405002062,363.7381660852887,468.5935579715186
codec_mean_X/role12/all,shuffled,ball_minus_ego.velocity.x,-0.006393451770685177,659.6600262452654,889.8180718216464
codec_mean_X/role12/all,shuffled,ball_minus_ego.velocity.y,-0.003492512205337084,967.2339646924594,1279.6207492966444
codec_mean_X/role12/all,shuffled,ball_minus_ego.velocity.z,-0.006060421819871653,415.80594122970246,559.1653962794552
codec_mean_X/role12/all,mean_baseline,ego.location.x,-0.0061238075403691195,1757.4809161157154,2125.062398965954
codec_mean_X/role12/all,mean_baseline,ego.location.y,-0.00033092749733132365,2469.82062972568,2872.814636182625
codec_mean_X/role12/all,mean_baseline,ego.location.z,-3.1621040123663846e-05,94.53315427657809,161.48394967568586
codec_mean_X/role12/all,mean_baseline,ego.velocity.x,-0.00015464278558896538,732.3893769035252,881.3192062062934
codec_mean_X/role12/all,mean_baseline,ego.velocity.y,-0.003301672645417586,955.6802619667491,1111.8730813308352
codec_mean_X/role12/all,mean_baseline,ego.velocity.z,-0.00017713100356275824,95.09797486529447,205.44969922757747
codec_mean_X/role12/all,mean_baseline,ball_minus_ego.location.x,-0.0071111882426388995,936.1033660712012,1412.3061707349107
codec_mean_X/role12/all,mean_baseline,ball_minus_ego.location.y,-0.007107460133051191,1772.5708348163728,2544.6528685499625
codec_mean_X/role12/all,mean_baseline,ball_minus_ego.location.z,-0.011302969965309773,364.4317923043337,469.56565905994484
codec_mean_X/role12/all,mean_baseline,ball_minus_ego.velocity.x,-0.005606992309753256,659.441897164787,889.4703238253546
codec_mean_X/role12/all,mean_baseline,ball_minus_ego.velocity.y,-5.638952074393799e-05,965.9493183550418,1277.4280551588013
codec_mean_X/role12/all,mean_baseline,ball_minus_ego.velocity.z,-0.004652392568605501,414.97188730841316,558.7739700373228
codec_mean_X/role12/position,main,ego.location.x,0.016514421867066198,1753.3852062423832,2101.018961917232
codec_mean_X/role12/position,main,ego.location.y,0.03977156281905869,2367.200852092456,2814.6411863136555
codec_mean_X/role12/position,main,ego.location.z,0.22924100804390046,81.62957109272146,141.76917002697917
codec_mean_X/role12/position,main,ball_minus_ego.location.x,0.05425131969497887,940.7669763622259,1368.604672280894
codec_mean_X/role12/position,main,ball_minus_ego.location.y,0.04925067351097334,1814.7010566062613,2472.42799660571
codec_mean_X/role12/position,main,ball_minus_ego.location.z,0.16244958387892794,315.5880313777858,427.32781873460686
codec_mean_X/role12/position,shuffled,ego.location.x,-0.006370438918476218,1757.6610898593299,2125.322841542407
codec_mean_X/role12/position,shuffled,ego.location.y,-0.0005030184823369144,2470.1470591474335,2873.0617365300864
codec_mean_X/role12/position,shuffled,ego.location.z,-6.980255496569221e-05,94.53207525344028,161.48703239969208
codec_mean_X/role12/position,shuffled,ball_minus_ego.location.x,-0.007585654914143314,936.358635131108,1412.6388119127228
codec_mean_X/role12/position,shuffled,ball_minus_ego.location.y,-0.005850389318751814,1771.253762193063,2543.064255719936
codec_mean_X/role12/position,shuffled,ball_minus_ego.location.z,-0.01093020303624992,364.40309723624205,469.4791099808248
codec_mean_X/role12/position,mean_baseline,ego.location.x,-0.0061238075403691195,1757.4809161157154,2125.062398965954
codec_mean_X/role12/position,mean_baseline,ego.location.y,-0.00033092749733132365,2469.82062972568,2872.814636182625
codec_mean_X/role12/position,mean_baseline,ego.location.z,-3.1621040123663846e-05,94.53315427657809,161.48394967568586
codec_mean_X/role12/position,mean_baseline,ball_minus_ego.location.x,-0.0071111882426388995,936.1033660712012,1412.3061707349107
codec_mean_X/role12/position,mean_baseline,ball_minus_ego.location.y,-0.007107460133051191,1772.5708348163728,2544.6528685499625
codec_mean_X/role12/position,mean_baseline,ball_minus_ego.location.z,-0.011302969965309773,364.4317923043337,469.56565905994484
codec_mean_X/role12/velocity,main,ego.velocity.x,0.00028346037747362107,732.0632502041686,881.1261605476641
codec_mean_X/role12/velocity,main,ego.velocity.y,-0.0035577738713978846,955.814900383559,1112.0149797737479
codec_mean_X/role12/velocity,main,ego.velocity.z,-0.000245341400718857,95.1468413175268,205.456704770008
codec_mean_X/role12/velocity,main,ball_minus_ego.velocity.x,-0.005690182265853494,659.4680028039987,889.5071142750487
codec_mean_X/role12/velocity,main,ball_minus_ego.velocity.y,-4.161968134153149e-05,965.9293245252092,1277.418621952292
codec_mean_X/role12/velocity,main,ball_minus_ego.velocity.z,-0.004268561969676288,414.7560656662522,558.6672191659493
codec_mean_X/role12/velocity,shuffled,ego.velocity.x,0.0036863060013544446,730.6481280285868,879.6252890634662
codec_mean_X/role12/velocity,shuffled,ego.velocity.y,-0.0029664388106827033,955.8156433591414,1111.6873103768378
codec_mean_X/role12/velocity,shuffled,ego.velocity.z,0.009492552210166871,97.76993085297063,204.45414630137378
codec_mean_X/role12/velocity,shuffled,ball_minus_ego.velocity.x,-0.009486310105108586,660.6507893616653,891.1843217941076
codec_mean_X/role12/velocity,shuffled,ball_minus_ego.velocity.y,-0.013495538939894969,972.8805372501398,1285.9827001485944
codec_mean_X/role12/velocity,shuffled,ball_minus_ego.velocity.z,-0.012898717535484439,417.1152920022024,561.0625302162734
codec_mean_X/role12/velocity,mean_baseline,ego.velocity.x,-0.00015464278558896538,732.3893769035252,881.3192062062934
codec_mean_X/role12/velocity,mean_baseline,ego.velocity.y,-0.003301672645417586,955.6802619667491,1111.8730813308352
codec_mean_X/role12/velocity,mean_baseline,ego.velocity.z,-0.00017713100356275824,95.09797486529447,205.44969922757747
codec_mean_X/role12/velocity,mean_baseline,ball_minus_ego.velocity.x,-0.005606992309753256,659.441897164787,889.4703238253546
codec_mean_X/role12/velocity,mean_baseline,ball_minus_ego.velocity.y,-5.638952074393799e-05,965.9493183550418,1277.4280551588013
codec_mean_X/role12/velocity,mean_baseline,ball_minus_ego.velocity.z,-0.004652392568605501,414.97188730841316,558.7739700373228
codec_spatial_X/absolute30/all,main,ball.location.x,0.23738340561502702,1670.6580951512622,2008.8485667927898
codec_spatial_X/absolute30/all,main,ball.location.y,0.16495815780886824,2089.2192205327347,2483.5441773328726
codec_spatial_X/absolute30/all,main,ball.location.z,0.4052374185723727,271.73105540811486,361.2749595294903
codec_spatial_X/absolute30/all,main,ball.velocity.x,-0.02325488917287788,682.1917816054353,861.0727782764892
codec_spatial_X/absolute30/all,main,ball.velocity.y,-0.025434744126238362,1007.0277244430434,1235.0426422128849
codec_spatial_X/absolute30/all,main,ball.velocity.z,-0.0013367103967780736,395.3826479739901,536.2156831648814
codec_spatial_X/absolute30/all,main,player0.location.x,0.1031326647164299,1683.634309117955,2021.1810161641918
codec_spatial_X/absolute30/all,main,player0.location.y,0.04041747176962884,2209.82105230223,2573.763667026351
codec_spatial_X/absolute30/all,main,player0.location.z,0.008943009713678007,90.99817070059856,161.81903900473756
codec_spatial_X/absolute30/all,main,player0.velocity.x,0.01783848038471958,723.7315953612892,882.2136866917582
codec_spatial_X/absolute30/all,main,player0.velocity.y,0.004204035831878117,975.2551400030252,1135.383679832661
codec_spatial_X/absolute30/all,main,player0.velocity.z,0.002015743534028225,85.10033256600943,165.8416051856508
codec_spatial_X/absolute30/all,main,player1.location.x,0.08492037368295968,1633.4387672541402,1995.0199181837934
codec_spatial_X/absolute30/all,main,player1.location.y,0.057355116128617434,2106.6617294245198,2511.520400338037
codec_spatial_X/absolute30/all,main,player1.location.z,0.003443219205547021,96.51822556713432,138.80893952033836
codec_spatial_X/absolute30/all,main,player1.velocity.x,-0.004404654508470829,691.3528598294578,842.5390998562506
codec_spatial_X/absolute30/all,main,player1.velocity.y,-0.013869938743886978,915.3156648043788,1082.1244960280658
codec_spatial_X/absolute30/all,main,player1.velocity.z,-0.06193422182082253,119.94311578370426,215.29925228208674
codec_spatial_X/absolute30/all,main,player2.location.x,0.06971563618825016,1685.3862047832006,2052.648093741117
codec_spatial_X/absolute30/all,main,player2.location.y,0.036767524269675333,2417.8743318522784,2869.072316384679
codec_spatial_X/absolute30/all,main,player2.location.z,0.03143382390566696,96.81676597963285,164.76148484302658
codec_spatial_X/absolute30/all,main,player2.velocity.x,0.014866151251836879,738.0356325276929,881.6340116909054
codec_spatial_X/absolute30/all,main,player2.velocity.y,-0.03497224466777582,957.1640993241473,1127.6982818136642
codec_spatial_X/absolute30/all,main,player2.velocity.z,-0.014227906403114332,125.6664811137096,233.86059342541918
codec_spatial_X/absolute30/all,main,player3.location.x,0.11457892419445892,1656.1375022002962,2003.551025747533
codec_spatial_X/absolute30/all,main,player3.location.y,0.02020339276587113,2318.276881476437,2763.1369537552214
codec_spatial_X/absolute30/all,main,player3.location.z,0.01970095468677846,87.52223483686429,172.04089347539855
codec_spatial_X/absolute30/all,main,player3.velocity.x,-0.029312725549452967,754.2848867459987,899.6531559331962
codec_spatial_X/absolute30/all,main,player3.velocity.y,-0.06849207383965106,954.4561916117539,1115.7729675276937
codec_spatial_X/absolute30/all,main,player3.velocity.z,-0.04422313526970356,101.80174212227308,186.6301885208578
codec_spatial_X/absolute30/all,shuffled,ball.location.x,-0.02194696146699071,1950.3795418199725,2325.4566728060217
codec_spatial_X/absolute30/all,shuffled,ball.location.y,-0.013515697063628984,2302.6405251803294,2736.106579823116
codec_spatial_X/absolute30/all,shuffled,ball.location.z,0.0019138421046925869,371.9906349631771,468.0045317895597
codec_spatial_X/absolute30/all,shuffled,ball.velocity.x,-0.008938497649194632,676.0022116108787,855.0279120813987
codec_spatial_X/absolute30/all,shuffled,ball.velocity.y,-0.0034111569582495616,993.3951923939994,1221.7079540304069
codec_spatial_X/absolute30/all,shuffled,ball.velocity.z,-0.009051350241123357,397.42385493596413,538.2773142422377
codec_spatial_X/absolute30/all,shuffled,player0.location.x,1.6934884322195032e-05,1788.587248232281,2134.2113718298665
codec_spatial_X/absolute30/all,shuffled,player0.location.y,-0.014899235957920087,2294.743676636957,2646.9087074699014
codec_spatial_X/absolute30/all,shuffled,player0.location.z,-0.001935344743891676,91.14924227167862,162.70471997624344
codec_spatial_X/absolute30/all,shuffled,player0.velocity.x,0.006006009465850282,736.5419092133379,887.5119577040134
codec_spatial_X/absolute30/all,shuffled,player0.velocity.y,-0.003987526887526904,986.218258636998,1140.0440310854317
codec_spatial_X/absolute30/all,shuffled,player0.velocity.z,0.00022973215343546904,75.50705133507094,165.98993547830517
codec_spatial_X/absolute30/all,shuffled,player1.location.x,-0.024057228457781576,1729.35312548094,2110.4735161604553
codec_spatial_X/absolute30/all,shuffled,player1.location.y,-0.03558542102753437,2235.357646836823,2632.422636392342
codec_spatial_X/absolute30/all,shuffled,player1.location.z,-0.04207683578244725,101.82420964370901,141.94375276087098
codec_spatial_X/absolute30/all,shuffled,player1.velocity.x,0.0010699180001820796,685.2783700933909,840.2398055433445
codec_spatial_X/absolute30/all,shuffled,player1.velocity.y,0.0013078651628471993,914.4772505339582,1073.9941600961843
codec_spatial_X/absolute30/all,shuffled,player1.velocity.z,-0.014675546796713679,111.05080760478113,210.45406095139563
codec_spatial_X/absolute30/all,shuffled,player2.location.x,-0.019330915874079535,1765.7878699271744,2148.642875696788
codec_spatial_X/absolute30/all,shuffled,player2.location.y,0.0037295910196150084,2464.743375602495,2917.860684340051
codec_spatial_X/absolute30/all,shuffled,player2.location.z,-0.0007312085894268794,96.7930653899174,167.47491642967736
codec_spatial_X/absolute30/all,shuffled,player2.velocity.x,-0.004657965635671335,744.9335293387142,890.3275890571717
codec_spatial_X/absolute30/all,shuffled,player2.velocity.y,-0.015241902299820476,951.1549494875451,1116.8975394810127
codec_spatial_X/absolute30/all,shuffled,player2.velocity.z,-0.00577735506095034,117.84856248785206,232.88429179175716
codec_spatial_X/absolute30/all,shuffled,player3.location.x,-0.021981511650146057,1785.0760060704988,2152.5190282067715
codec_spatial_X/absolute30/all,shuffled,player3.location.y,0.004680908309206977,2352.4223801520707,2784.938523463548
codec_spatial_X/absolute30/all,shuffled,player3.location.z,-0.029648430389772162,88.90281273200823,176.31809315816616
codec_spatial_X/absolute30/all,shuffled,player3.velocity.x,0.0008949624612746288,742.344445811047,886.3535962042772
codec_spatial_X/absolute30/all,shuffled,player3.velocity.y,-0.024255868048604246,934.2375602327905,1092.432000078746
codec_spatial_X/absolute30/all,shuffled,player3.velocity.z,0.001058859682646962,89.3015322904534,182.53879908056518
codec_spatial_X/absolute30/all,mean_baseline,ball.location.x,-0.015292177830805498,1947.3397000162636,2317.8727729467046
codec_spatial_X/absolute30/all,mean_baseline,ball.location.y,-0.009580783883050614,2301.5412136672608,2730.790030642984
codec_spatial_X/absolute30/all,mean_baseline,ball.location.z,-0.011644381696993333,374.2821438935884,471.1725480170597
codec_spatial_X/absolute30/all,mean_baseline,ball.velocity.x,-0.004244654594609765,674.6953217536045,853.036687873536
codec_spatial_X/absolute30/all,mean_baseline,ball.velocity.y,-0.0036194843360590756,992.2849696820493,1221.834772435584
codec_spatial_X/absolute30/all,mean_baseline,ball.velocity.z,-0.004337311129713806,397.01703717377535,537.0184928494391
codec_spatial_X/absolute30/all,mean_baseline,player0.location.x,-0.004061532980069504,1791.291018186244,2138.559173126263
codec_spatial_X/absolute30/all,mean_baseline,player0.location.y,-0.005247244997540257,2275.493365710031,2634.2921980254073
codec_spatial_X/absolute30/all,mean_baseline,player0.location.z,-0.0007059736389880555,89.94023355699402,162.60487028163828
codec_spatial_X/absolute30/all,mean_baseline,player0.velocity.x,-0.0002704508834190378,738.9990047216809,890.3095942357807
codec_spatial_X/absolute30/all,mean_baseline,player0.velocity.y,-0.0035577751973714378,985.977645857528,1139.8000099816127
codec_spatial_X/absolute30/all,mean_baseline,player0.velocity.z,-0.0008102598608903389,72.4989113988421,166.07624697552515
codec_spatial_X/absolute30/all,mean_baseline,player1.location.x,-0.014778076768861448,1727.8257044851055,2100.8900829340287
codec_spatial_X/absolute30/all,mean_baseline,player1.location.y,-0.015010201279291202,2197.192751359771,2606.1406860804723
codec_spatial_X/absolute30/all,mean_baseline,player1.location.z,-0.009584642205668237,97.80023404255002,139.71330934018368
codec_spatial_X/absolute30/all,mean_baseline,player1.velocity.x,-0.0006408076733923629,686.9041393019569,840.9589774570801
codec_spatial_X/absolute30/all,mean_baseline,player1.velocity.y,-1.138454244675735e-05,916.0526462361835,1074.7032869764535
codec_spatial_X/absolute30/all,mean_baseline,player1.velocity.z,-0.005618175667208236,108.89376912896446,209.5126598266042
codec_spatial_X/absolute30/all,mean_baseline,player2.location.x,-0.005440806206312265,1752.2053648317922,2133.953212522112
codec_spatial_X/absolute30/all,mean_baseline,player2.location.y,-0.003419445648666475,2470.760593324129,2928.3109621467024
codec_spatial_X/absolute30/all,mean_baseline,player2.location.z,-0.0002812393951454606,97.47023478301243,167.43726045096446
codec_spatial_X/absolute30/all,mean_baseline,player2.velocity.x,-0.005489061778163773,744.7823823144371,890.6957715054511
codec_spatial_X/absolute30/all,mean_baseline,player2.velocity.y,-0.00094724702047011,946.2121989705495,1109.0066792979926
codec_spatial_X/absolute30/all,mean_baseline,player2.velocity.z,-0.006027882879908963,119.5975905257457,232.9132944137804
codec_spatial_X/absolute30/all,mean_baseline,player3.location.x,-0.0030909602692983373,1765.057534397913,2132.5323990091183
codec_spatial_X/absolute30/all,mean_baseline,player3.location.y,-0.0010031081229333605,2359.367222481406,2792.879243679567
codec_spatial_X/absolute30/all,mean_baseline,player3.location.z,-0.011126232374874645,89.00177108944708,174.72501578367607
codec_spatial_X/absolute30/all,mean_baseline,player3.velocity.x,-0.00311515707184018,744.8540393290435,888.130598775411
codec_spatial_X/absolute30/all,mean_baseline,player3.velocity.y,-0.02061054710366328,932.5662282461398,1090.486287630653
codec_spatial_X/absolute30/all,mean_baseline,player3.velocity.z,-0.0005185456141734157,87.6699107485796,182.68286366937105
codec_spatial_X/absolute30/position,main,ball.location.x,0.23738340561502702,1670.6580951512622,2008.8485667927898
codec_spatial_X/absolute30/position,main,ball.location.y,0.16495815780886824,2089.2192205327347,2483.5441773328726
codec_spatial_X/absolute30/position,main,ball.location.z,0.4052374185723727,271.73105540811486,361.2749595294903
codec_spatial_X/absolute30/position,main,player0.location.x,0.1031326647164299,1683.634309117955,2021.1810161641918
codec_spatial_X/absolute30/position,main,player0.location.y,0.04041747176962884,2209.82105230223,2573.763667026351
codec_spatial_X/absolute30/position,main,player0.location.z,0.008943009713678007,90.99817070059856,161.81903900473756
codec_spatial_X/absolute30/position,main,player1.location.x,0.08492037368295968,1633.4387672541402,1995.0199181837934
codec_spatial_X/absolute30/position,main,player1.location.y,0.057355116128617434,2106.6617294245198,2511.520400338037
codec_spatial_X/absolute30/position,main,player1.location.z,0.003443219205547021,96.51822556713432,138.80893952033836
codec_spatial_X/absolute30/position,main,player2.location.x,0.06971563618825016,1685.3862047832006,2052.648093741117
codec_spatial_X/absolute30/position,main,player2.location.y,0.036767524269675333,2417.8743318522784,2869.072316384679
codec_spatial_X/absolute30/position,main,player2.location.z,0.03143382390566696,96.81676597963285,164.76148484302658
codec_spatial_X/absolute30/position,main,player3.location.x,0.11457892419445892,1656.1375022002962,2003.551025747533
codec_spatial_X/absolute30/position,main,player3.location.y,0.02020339276587113,2318.276881476437,2763.1369537552214
codec_spatial_X/absolute30/position,main,player3.location.z,0.01970095468677846,87.52223483686429,172.04089347539855
codec_spatial_X/absolute30/position,shuffled,ball.location.x,-0.02194696146699071,1950.3795418199725,2325.4566728060217
codec_spatial_X/absolute30/position,shuffled,ball.location.y,-0.013515697063628984,2302.6405251803294,2736.106579823116
codec_spatial_X/absolute30/position,shuffled,ball.location.z,0.0019138421046925869,371.9906349631771,468.0045317895597
codec_spatial_X/absolute30/position,shuffled,player0.location.x,1.6934884322195032e-05,1788.587248232281,2134.2113718298665
codec_spatial_X/absolute30/position,shuffled,player0.location.y,-0.014899235957920087,2294.743676636957,2646.9087074699014
codec_spatial_X/absolute30/position,shuffled,player0.location.z,-0.001935344743891676,91.14924227167862,162.70471997624344
codec_spatial_X/absolute30/position,shuffled,player1.location.x,-0.024057228457781576,1729.35312548094,2110.4735161604553
codec_spatial_X/absolute30/position,shuffled,player1.location.y,-0.03558542102753437,2235.357646836823,2632.422636392342
codec_spatial_X/absolute30/position,shuffled,player1.location.z,-0.04207683578244725,101.82420964370901,141.94375276087098
codec_spatial_X/absolute30/position,shuffled,player2.location.x,-0.019330915874079535,1765.7878699271744,2148.642875696788
codec_spatial_X/absolute30/position,shuffled,player2.location.y,0.0037295910196150084,2464.743375602495,2917.860684340051
codec_spatial_X/absolute30/position,shuffled,player2.location.z,-0.0007312085894268794,96.7930653899174,167.47491642967736
codec_spatial_X/absolute30/position,shuffled,player3.location.x,-0.021981511650146057,1785.0760060704988,2152.5190282067715
codec_spatial_X/absolute30/position,shuffled,player3.location.y,0.004680908309206977,2352.4223801520707,2784.938523463548
codec_spatial_X/absolute30/position,shuffled,player3.location.z,-0.029648430389772162,88.90281273200823,176.31809315816616
codec_spatial_X/absolute30/position,mean_baseline,ball.location.x,-0.015292177830805498,1947.3397000162636,2317.8727729467046
codec_spatial_X/absolute30/position,mean_baseline,ball.location.y,-0.009580783883050614,2301.5412136672608,2730.790030642984
codec_spatial_X/absolute30/position,mean_baseline,ball.location.z,-0.011644381696993333,374.2821438935884,471.1725480170597
codec_spatial_X/absolute30/position,mean_baseline,player0.location.x,-0.004061532980069504,1791.291018186244,2138.559173126263
codec_spatial_X/absolute30/position,mean_baseline,player0.location.y,-0.005247244997540257,2275.493365710031,2634.2921980254073
codec_spatial_X/absolute30/position,mean_baseline,player0.location.z,-0.0007059736389880555,89.94023355699402,162.60487028163828
codec_spatial_X/absolute30/position,mean_baseline,player1.location.x,-0.014778076768861448,1727.8257044851055,2100.8900829340287
codec_spatial_X/absolute30/position,mean_baseline,player1.location.y,-0.015010201279291202,2197.192751359771,2606.1406860804723
codec_spatial_X/absolute30/position,mean_baseline,player1.location.z,-0.009584642205668237,97.80023404255002,139.71330934018368
codec_spatial_X/absolute30/position,mean_baseline,player2.location.x,-0.005440806206312265,1752.2053648317922,2133.953212522112
codec_spatial_X/absolute30/position,mean_baseline,player2.location.y,-0.003419445648666475,2470.760593324129,2928.3109621467024
codec_spatial_X/absolute30/position,mean_baseline,player2.location.z,-0.0002812393951454606,97.47023478301243,167.43726045096446
codec_spatial_X/absolute30/position,mean_baseline,player3.location.x,-0.0030909602692983373,1765.057534397913,2132.5323990091183
codec_spatial_X/absolute30/position,mean_baseline,player3.location.y,-0.0010031081229333605,2359.367222481406,2792.879243679567
codec_spatial_X/absolute30/position,mean_baseline,player3.location.z,-0.011126232374874645,89.00177108944708,174.72501578367607
codec_spatial_X/absolute30/velocity,main,ball.velocity.x,0.0035044392215118902,670.7097997527642,849.7391535094673
codec_spatial_X/absolute30/velocity,main,ball.velocity.y,-0.0018023747966968706,992.3084215158832,1220.7281710200684
codec_spatial_X/absolute30/velocity,main,ball.velocity.z,-0.0017100424510074763,392.5519169059745,536.315633483709
codec_spatial_X/absolute30/velocity,main,player0.velocity.x,0.022669836403398813,724.988111733958,880.0411606290355
codec_spatial_X/absolute30/velocity,main,player0.velocity.y,0.003655387911258745,982.5047045495436,1135.6964146390974
codec_spatial_X/absolute30/velocity,main,player0.velocity.z,0.0036753814611305557,74.54102654995877,165.70365133496225
codec_spatial_X/absolute30/velocity,main,player1.velocity.x,0.01048183407692782,684.1948891468891,836.2720690276378
codec_spatial_X/absolute30/velocity,main,player1.velocity.y,0.006447809572335039,912.1679410878346,1071.2268451334205
codec_spatial_X/absolute30/velocity,main,player1.velocity.z,-0.020007540956843872,111.61309549911654,211.0062914213901
codec_spatial_X/absolute30/velocity,main,player2.velocity.x,0.009040650417264429,740.2259492306404,884.2369012804188
codec_spatial_X/absolute30/velocity,main,player2.velocity.y,-0.005214924878938154,947.4369004189738,1111.368366771397
codec_spatial_X/absolute30/velocity,main,player2.velocity.z,-0.003820619625984012,119.49928839448712,232.65764381806866
codec_spatial_X/absolute30/velocity,main,player3.velocity.x,-0.006545390727919154,743.3837753466983,889.6478201324983
codec_spatial_X/absolute30/velocity,main,player3.velocity.y,-0.018527036070301595,934.7362327751292,1089.3726400401604
codec_spatial_X/absolute30/velocity,main,player3.velocity.z,-0.014325828078233238,91.23210332818937,183.93906788623838
codec_spatial_X/absolute30/velocity,shuffled,ball.velocity.x,-0.008938497649194632,676.0022116108787,855.0279120813987
codec_spatial_X/absolute30/velocity,shuffled,ball.velocity.y,-0.0034111569582495616,993.3951923939994,1221.7079540304069
codec_spatial_X/absolute30/velocity,shuffled,ball.velocity.z,-0.009051350241123357,397.42385493596413,538.2773142422377
codec_spatial_X/absolute30/velocity,shuffled,player0.velocity.x,0.006006009465850282,736.5419092133379,887.5119577040134
codec_spatial_X/absolute30/velocity,shuffled,player0.velocity.y,-0.003987526887526904,986.218258636998,1140.0440310854317
codec_spatial_X/absolute30/velocity,shuffled,player0.velocity.z,0.00022973215343546904,75.50705133507094,165.98993547830517
codec_spatial_X/absolute30/velocity,shuffled,player1.velocity.x,0.0010699180001820796,685.2783700933909,840.2398055433445
codec_spatial_X/absolute30/velocity,shuffled,player1.velocity.y,0.0013078651628471993,914.4772505339582,1073.9941600961843
codec_spatial_X/absolute30/velocity,shuffled,player1.velocity.z,-0.014675546796713679,111.05080760478113,210.45406095139563
codec_spatial_X/absolute30/velocity,shuffled,player2.velocity.x,-0.004657965635671335,744.9335293387142,890.3275890571717
codec_spatial_X/absolute30/velocity,shuffled,player2.velocity.y,-0.015241902299820476,951.1549494875451,1116.8975394810127
codec_spatial_X/absolute30/velocity,shuffled,player2.velocity.z,-0.00577735506095034,117.84856248785206,232.88429179175716
codec_spatial_X/absolute30/velocity,shuffled,player3.velocity.x,0.0008949624612746288,742.344445811047,886.3535962042772
codec_spatial_X/absolute30/velocity,shuffled,player3.velocity.y,-0.024255868048604246,934.2375602327905,1092.432000078746
codec_spatial_X/absolute30/velocity,shuffled,player3.velocity.z,0.001058859682646962,89.3015322904534,182.53879908056518
codec_spatial_X/absolute30/velocity,mean_baseline,ball.velocity.x,-0.004244654594609765,674.6953217536045,853.036687873536
codec_spatial_X/absolute30/velocity,mean_baseline,ball.velocity.y,-0.0036194843360590756,992.2849696820493,1221.834772435584
codec_spatial_X/absolute30/velocity,mean_baseline,ball.velocity.z,-0.004337311129713806,397.01703717377535,537.0184928494391
codec_spatial_X/absolute30/velocity,mean_baseline,player0.velocity.x,-0.0002704508834190378,738.9990047216809,890.3095942357807
codec_spatial_X/absolute30/velocity,mean_baseline,player0.velocity.y,-0.0035577751973714378,985.977645857528,1139.8000099816127
codec_spatial_X/absolute30/velocity,mean_baseline,player0.velocity.z,-0.0008102598608903389,72.4989113988421,166.07624697552515
codec_spatial_X/absolute30/velocity,mean_baseline,player1.velocity.x,-0.0006408076733923629,686.9041393019569,840.9589774570801
codec_spatial_X/absolute30/velocity,mean_baseline,player1.velocity.y,-1.138454244675735e-05,916.0526462361835,1074.7032869764535
codec_spatial_X/absolute30/velocity,mean_baseline,player1.velocity.z,-0.005618175667208236,108.89376912896446,209.5126598266042
codec_spatial_X/absolute30/velocity,mean_baseline,player2.velocity.x,-0.005489061778163773,744.7823823144371,890.6957715054511
codec_spatial_X/absolute30/velocity,mean_baseline,player2.velocity.y,-0.00094724702047011,946.2121989705495,1109.0066792979926
codec_spatial_X/absolute30/velocity,mean_baseline,player2.velocity.z,-0.006027882879908963,119.5975905257457,232.9132944137804
codec_spatial_X/absolute30/velocity,mean_baseline,player3.velocity.x,-0.00311515707184018,744.8540393290435,888.130598775411
codec_spatial_X/absolute30/velocity,mean_baseline,player3.velocity.y,-0.02061054710366328,932.5662282461398,1090.486287630653
codec_spatial_X/absolute30/velocity,mean_baseline,player3.velocity.z,-0.0005185456141734157,87.6699107485796,182.68286366937105
codec_spatial_X/role12/all,main,ego.location.x,0.09487231132059049,1659.917820227593,2015.5839868051935
codec_spatial_X/role12/all,main,ego.location.y,0.28181234068985095,2018.3567293118397,2434.1914115631216
codec_spatial_X/role12/all,main,ego.location.z,0.35719070479605985,68.79100193178954,129.46833738338086
codec_spatial_X/role12/all,main,ego.velocity.x,0.06574958702494627,702.7155445758423,851.7875857150357
codec_spatial_X/role12/all,main,ego.velocity.y,0.03629274428918128,923.5079893831523,1089.7126996604673
codec_spatial_X/role12/all,main,ego.velocity.z,0.03582317948349145,109.75391305183373,201.71834343825225
codec_spatial_X/role12/all,main,ball_minus_ego.location.x,0.48675036211110523,699.2564017269286,1008.218058944082
codec_spatial_X/role12/all,main,ball_minus_ego.location.y,0.5318188327010576,1227.6382569112434,1734.992531019511
codec_spatial_X/role12/all,main,ball_minus_ego.location.z,0.36777056788037554,271.07073318545264,371.2727214559192
codec_spatial_X/role12/all,main,ball_minus_ego.velocity.x,-0.018084631411981578,665.1990439773259,894.9716150974562
codec_spatial_X/role12/all,main,ball_minus_ego.velocity.y,0.014907919222154287,966.432250936071,1267.8346573046163
codec_spatial_X/role12/all,main,ball_minus_ego.velocity.z,-0.008181355849437466,415.3362431148792,559.7544903862557
codec_spatial_X/role12/all,shuffled,ego.location.x,-0.013453042237345114,1764.1379775779656,2132.788495466075
codec_spatial_X/role12/all,shuffled,ego.location.y,0.06132157418159678,2384.988624636469,2782.8780467935753
codec_spatial_X/role12/all,shuffled,ego.location.z,0.00028273647761856147,94.19683305589156,161.45856663654226
codec_spatial_X/role12/all,shuffled,ego.velocity.x,-0.0011890767127846757,733.1487501251949,881.7748511846753
codec_spatial_X/role12/all,shuffled,ego.velocity.y,-0.0018775771280059583,954.0217455387009,1111.0836997364297
codec_spatial_X/role12/all,shuffled,ego.velocity.z,0.007627997808624998,96.27948232883031,204.64649046066523
codec_spatial_X/role12/all,shuffled,ball_minus_ego.location.x,0.013396951107036204,921.3838551246671,1397.8525818535884
codec_spatial_X/role12/all,shuffled,ball_minus_ego.location.y,0.06514275785984669,1695.9767148409728,2451.6771978701595
codec_spatial_X/role12/all,shuffled,ball_minus_ego.location.z,0.0005772097144741695,362.59753984247766,466.79942342215423
codec_spatial_X/role12/all,shuffled,ball_minus_ego.velocity.x,-0.009224974634538086,660.5964533360194,891.0689595812354
codec_spatial_X/role12/all,shuffled,ball_minus_ego.velocity.y,-0.0009311937997846798,967.0640802014975,1277.9866512853773
codec_spatial_X/role12/all,shuffled,ball_minus_ego.velocity.z,-0.008405413377482684,415.7899648852914,559.8166866564586
codec_spatial_X/role12/all,mean_baseline,ego.location.x,-0.0061238075403691195,1757.4809161157154,2125.062398965954
codec_spatial_X/role12/all,mean_baseline,ego.location.y,-0.00033092749733132365,2469.82062972568,2872.814636182625
codec_spatial_X/role12/all,mean_baseline,ego.location.z,-3.1621040123663846e-05,94.53315427657809,161.48394967568586
codec_spatial_X/role12/all,mean_baseline,ego.velocity.x,-0.00015464278558896538,732.3893769035252,881.3192062062934
codec_spatial_X/role12/all,mean_baseline,ego.velocity.y,-0.003301672645417586,955.6802619667491,1111.8730813308352
codec_spatial_X/role12/all,mean_baseline,ego.velocity.z,-0.00017713100356275824,95.09797486529447,205.44969922757747
codec_spatial_X/role12/all,mean_baseline,ball_minus_ego.location.x,-0.0071111882426388995,936.1033660712012,1412.3061707349107
codec_spatial_X/role12/all,mean_baseline,ball_minus_ego.location.y,-0.007107460133051191,1772.5708348163728,2544.6528685499625
codec_spatial_X/role12/all,mean_baseline,ball_minus_ego.location.z,-0.011302969965309773,364.4317923043337,469.56565905994484
codec_spatial_X/role12/all,mean_baseline,ball_minus_ego.velocity.x,-0.005606992309753256,659.441897164787,889.4703238253546
codec_spatial_X/role12/all,mean_baseline,ball_minus_ego.velocity.y,-5.638952074393799e-05,965.9493183550418,1277.4280551588013
codec_spatial_X/role12/all,mean_baseline,ball_minus_ego.velocity.z,-0.004652392568605501,414.97188730841316,558.7739700373228
codec_spatial_X/role12/position,main,ego.location.x,0.10707879556099187,1601.9659774007491,2001.9468460071262
codec_spatial_X/role12/position,main,ego.location.y,0.3576544158134748,1808.7676060869742,2302.0784960578326
codec_spatial_X/role12/position,main,ego.location.z,0.4531561610558308,70.48028715089109,119.41370096018818
codec_spatial_X/role12/position,main,ball_minus_ego.location.x,0.4611027274168039,772.4295175196856,1033.1018496989573
codec_spatial_X/role12/position,main,ball_minus_ego.location.y,0.5623135797764806,1272.8338787050768,1677.5372619347686
codec_spatial_X/role12/position,main,ball_minus_ego.location.z,0.4459408138956681,253.43565498681065,347.56318350524583
codec_spatial_X/role12/position,shuffled,ego.location.x,-0.013453042237345114,1764.1379775779656,2132.788495466075
codec_spatial_X/role12/position,shuffled,ego.location.y,0.06132157418159678,2384.988624636469,2782.8780467935753
codec_spatial_X/role12/position,shuffled,ego.location.z,0.00028273647761856147,94.19683305589156,161.45856663654226
codec_spatial_X/role12/position,shuffled,ball_minus_ego.location.x,0.013396951107036204,921.3838551246671,1397.8525818535884
codec_spatial_X/role12/position,shuffled,ball_minus_ego.location.y,0.06514275785984669,1695.9767148409728,2451.6771978701595
codec_spatial_X/role12/position,shuffled,ball_minus_ego.location.z,0.0005772097144741695,362.59753984247766,466.79942342215423
codec_spatial_X/role12/position,mean_baseline,ego.location.x,-0.0061238075403691195,1757.4809161157154,2125.062398965954
codec_spatial_X/role12/position,mean_baseline,ego.location.y,-0.00033092749733132365,2469.82062972568,2872.814636182625
codec_spatial_X/role12/position,mean_baseline,ego.location.z,-3.1621040123663846e-05,94.53315427657809,161.48394967568586
codec_spatial_X/role12/position,mean_baseline,ball_minus_ego.location.x,-0.0071111882426388995,936.1033660712012,1412.3061707349107
codec_spatial_X/role12/position,mean_baseline,ball_minus_ego.location.y,-0.007107460133051191,1772.5708348163728,2544.6528685499625
codec_spatial_X/role12/position,mean_baseline,ball_minus_ego.location.z,-0.011302969965309773,364.4317923043337,469.56565905994484
codec_spatial_X/role12/velocity,main,ego.velocity.x,0.06574958702494627,702.7155445758423,851.7875857150357
codec_spatial_X/role12/velocity,main,ego.velocity.y,0.03629274428918128,923.5079893831523,1089.7126996604673
codec_spatial_X/role12/velocity,main,ego.velocity.z,0.03582317948349145,109.75391305183373,201.71834343825225
codec_spatial_X/role12/velocity,main,ball_minus_ego.velocity.x,-0.018084631411981578,665.1990439773259,894.9716150974562
codec_spatial_X/role12/velocity,main,ball_minus_ego.velocity.y,0.014907919222154287,966.432250936071,1267.8346573046163
codec_spatial_X/role12/velocity,main,ball_minus_ego.velocity.z,-0.008181355849437466,415.3362431148792,559.7544903862557
codec_spatial_X/role12/velocity,shuffled,ego.velocity.x,-0.0011890767127846757,733.1487501251949,881.7748511846753
codec_spatial_X/role12/velocity,shuffled,ego.velocity.y,-0.0018775771280059583,954.0217455387009,1111.0836997364297
codec_spatial_X/role12/velocity,shuffled,ego.velocity.z,0.007627997808624998,96.27948232883031,204.64649046066523
codec_spatial_X/role12/velocity,shuffled,ball_minus_ego.velocity.x,-0.009224974634538086,660.5964533360194,891.0689595812354
codec_spatial_X/role12/velocity,shuffled,ball_minus_ego.velocity.y,-0.0009311937997846798,967.0640802014975,1277.9866512853773
codec_spatial_X/role12/velocity,shuffled,ball_minus_ego.velocity.z,-0.008405413377482684,415.7899648852914,559.8166866564586
codec_spatial_X/role12/velocity,mean_baseline,ego.velocity.x,-0.00015464278558896538,732.3893769035252,881.3192062062934
codec_spatial_X/role12/velocity,mean_baseline,ego.velocity.y,-0.003301672645417586,955.6802619667491,1111.8730813308352
codec_spatial_X/role12/velocity,mean_baseline,ego.velocity.z,-0.00017713100356275824,95.09797486529447,205.44969922757747
codec_spatial_X/role12/velocity,mean_baseline,ball_minus_ego.velocity.x,-0.005606992309753256,659.441897164787,889.4703238253546
codec_spatial_X/role12/velocity,mean_baseline,ball_minus_ego.velocity.y,-5.638952074393799e-05,965.9493183550418,1277.4280551588013
codec_spatial_X/role12/velocity,mean_baseline,ball_minus_ego.velocity.z,-0.004652392568605501,414.97188730841316,558.7739700373228
mean/block_5_output/absolute30/all,main,ball.location.x,0.4588900178853723,1385.2551189451951,1692.1421624324662
mean/block_5_output/absolute30/all,main,ball.location.y,0.7527307674889092,1084.510449294617,1351.4588022982296
mean/block_5_output/absolute30/all,main,ball.location.z,0.8643977334143126,117.41784954363489,172.50413771047363
mean/block_5_output/absolute30/all,main,ball.velocity.x,-0.08136469980067318,700.3196117612109,885.1849873583634
mean/block_5_output/absolute30/all,main,ball.velocity.y,-0.006993637461871982,994.5712408967036,1223.8869438091785
mean/block_5_output/absolute30/all,main,ball.velocity.z,0.5655958295477517,253.58400018399342,353.1802713320795
mean/block_5_output/absolute30/all,main,player0.location.x,0.23414564919222625,1526.606004795567,1867.7304490034446
mean/block_5_output/absolute30/all,main,player0.location.y,0.25200645588771553,1839.5816565850625,2272.356278569046
mean/block_5_output/absolute30/all,main,player0.location.z,0.06668738186298284,86.7305570707449,157.03406457444865
mean/block_5_output/absolute30/all,main,player0.velocity.x,0.03812641694516272,710.3893516671541,873.0544543590091
mean/block_5_output/absolute30/all,main,player0.velocity.y,-0.016903832291992105,964.7254076951989,1147.3539323013522
mean/block_5_output/absolute30/all,main,player0.velocity.z,0.03892037816213467,94.27073653257777,162.74637802059436
mean/block_5_output/absolute30/all,main,player1.location.x,0.23666826434688104,1481.818665975692,1822.109415362791
mean/block_5_output/absolute30/all,main,player1.location.y,0.26735508223790916,1772.5946540787572,2214.1621550262626
mean/block_5_output/absolute30/all,main,player1.location.z,0.016920763457421995,95.23915235987347,137.86711059670594
mean/block_5_output/absolute30/all,main,player1.velocity.x,-0.06954172170682749,707.6954152577114,869.4298994795627
mean/block_5_output/absolute30/all,main,player1.velocity.y,-0.015130222487505396,897.1934851090591,1082.7968506918994
mean/block_5_output/absolute30/all,main,player1.velocity.z,0.050117656846613956,126.30006714558971,203.62383881251708
mean/block_5_output/absolute30/all,main,player2.location.x,0.2023890439073106,1528.5268447523802,1900.6501969701385
mean/block_5_output/absolute30/all,main,player2.location.y,0.25661234769825936,2077.8752533845272,2520.482046565673
mean/block_5_output/absolute30/all,main,player2.location.z,0.10070619111571644,94.55104546104448,158.7602776009233
mean/block_5_output/absolute30/all,main,player2.velocity.x,-0.03982092482537092,751.5606001756539,905.7742949928048
mean/block_5_output/absolute30/all,main,player2.velocity.y,-0.004639081209155682,926.987768313582,1111.0499940022687
mean/block_5_output/absolute30/all,main,player2.velocity.z,0.04797903807349446,134.294284931854,226.5752797411318
mean/block_5_output/absolute30/all,main,player3.location.x,0.27600263348133847,1494.0729156643633,1811.732074074228
mean/block_5_output/absolute30/all,main,player3.location.y,0.27747649222106985,1919.6191911154083,2372.7961897721525
mean/block_5_output/absolute30/all,main,player3.location.z,0.07234900135787148,89.68909304331142,167.35731811852682
mean/block_5_output/absolute30/all,main,player3.velocity.x,-0.09333450009075928,774.4986950008005,927.2096927917394
mean/block_5_output/absolute30/all,main,player3.velocity.y,-0.11788812893924794,966.3893764022415,1141.2725061768167
mean/block_5_output/absolute30/all,main,player3.velocity.z,-0.023507523546681286,110.63329450561,184.76970225157496
mean/block_5_output/absolute30/all,shuffled,ball.location.x,-0.02746732583668332,1961.5943262939631,2331.7290524157697
mean/block_5_output/absolute30/all,shuffled,ball.location.y,-0.03607694151113083,2329.5635050218493,2766.3923502483644
mean/block_5_output/absolute30/all,shuffled,ball.location.z,0.022225049358078564,367.89623697959587,463.21807312919475
mean/block_5_output/absolute30/all,shuffled,ball.velocity.x,-0.005026451310112812,673.9126257414648,853.3686645158086
mean/block_5_output/absolute30/all,shuffled,ball.velocity.y,-0.000802874570641432,992.3542289513384,1220.1190575890862
mean/block_5_output/absolute30/all,shuffled,ball.velocity.z,-7.246809728900239e-05,397.1378978554472,535.877075456824
mean/block_5_output/absolute30/all,shuffled,player0.location.x,-0.0072034071947280065,1800.2264078051462,2141.902511970199
mean/block_5_output/absolute30/all,shuffled,player0.location.y,-0.03720585575909485,2319.237846203845,2675.8390038571615
mean/block_5_output/absolute30/all,shuffled,player0.location.z,-0.009490413903488149,92.43037447931601,163.31700341367448
mean/block_5_output/absolute30/all,shuffled,player0.velocity.x,0.006867704718973688,735.4127905704138,887.1271814054504
mean/block_5_output/absolute30/all,shuffled,player0.velocity.y,0.002051257090962544,983.718058472332,1136.6102916776038
mean/block_5_output/absolute30/all,shuffled,player0.velocity.z,0.0019325912717689242,74.9535079020415,165.8485140207962
mean/block_5_output/absolute30/all,shuffled,player1.location.x,-0.02476140434815144,1731.465622042849,2111.1990074382943
mean/block_5_output/absolute30/all,shuffled,player1.location.y,-0.044719663492622796,2247.060277486939,2644.006614334794
mean/block_5_output/absolute30/all,shuffled,player1.location.z,-0.06011083795697858,103.0465692922178,143.16671144294926
mean/block_5_output/absolute30/all,shuffled,player1.velocity.x,0.009185846789187657,683.4700582899113,836.8195290810801
mean/block_5_output/absolute30/all,shuffled,player1.velocity.y,-0.018613150127974043,924.7710805266903,1084.652806550773
mean/block_5_output/absolute30/all,shuffled,player1.velocity.z,-0.015704014877311323,111.29217997206771,210.56069132487983
mean/block_5_output/absolute30/all,shuffled,player2.location.x,-0.018220237434469544,1766.450955123708,2147.471959700771
mean/block_5_output/absolute30/all,shuffled,player2.location.y,-0.008812096104243494,2478.6608997492226,2936.1691901120416
mean/block_5_output/absolute30/all,shuffled,player2.location.z,-0.002301209341195598,96.65695940721683,167.60623675642216
mean/block_5_output/absolute30/all,shuffled,player2.velocity.x,-0.006407587557119454,746.034708738935,891.1025090332951
mean/block_5_output/absolute30/all,shuffled,player2.velocity.y,-0.014127305247247923,950.2511783562798,1116.2842705790779
mean/block_5_output/absolute30/all,shuffled,player2.velocity.z,-0.011391088757763512,118.36165082722239,233.5333078105883
mean/block_5_output/absolute30/all,shuffled,player3.location.x,-0.021120382648491143,1787.892293472786,2151.611973055225
mean/block_5_output/absolute30/all,shuffled,player3.location.y,0.0017397137323484912,2352.332938848961,2789.0502720899517
mean/block_5_output/absolute30/all,shuffled,player3.location.z,-0.0310704016378045,88.90214237593199,176.43980108722664
mean/block_5_output/absolute30/all,shuffled,player3.velocity.x,0.003044078034701969,741.1134647461242,885.39979169155
mean/block_5_output/absolute30/all,shuffled,player3.velocity.y,-0.028199492575807783,936.4290449640854,1094.5330389353305
mean/block_5_output/absolute30/all,shuffled,player3.velocity.z,0.006115709854659923,88.78609139557544,182.07618798077968
mean/block_5_output/absolute30/all,mean_baseline,ball.location.x,-0.015292177830805498,1947.3397000162636,2317.8727729467046
mean/block_5_output/absolute30/all,mean_baseline,ball.location.y,-0.009580783883050614,2301.5412136672608,2730.790030642984
mean/block_5_output/absolute30/all,mean_baseline,ball.location.z,-0.011644381696993333,374.2821438935884,471.1725480170597
mean/block_5_output/absolute30/all,mean_baseline,ball.velocity.x,-0.004244654594609765,674.6953217536045,853.036687873536
mean/block_5_output/absolute30/all,mean_baseline,ball.velocity.y,-0.0036194843360590756,992.2849696820493,1221.834772435584
mean/block_5_output/absolute30/all,mean_baseline,ball.velocity.z,-0.004337311129713806,397.01703717377535,537.0184928494391
mean/block_5_output/absolute30/all,mean_baseline,player0.location.x,-0.004061532980069504,1791.291018186244,2138.559173126263
mean/block_5_output/absolute30/all,mean_baseline,player0.location.y,-0.005247244997540257,2275.493365710031,2634.2921980254073
mean/block_5_output/absolute30/all,mean_baseline,player0.location.z,-0.0007059736389880555,89.94023355699402,162.60487028163828
mean/block_5_output/absolute30/all,mean_baseline,player0.velocity.x,-0.0002704508834190378,738.9990047216809,890.3095942357807
mean/block_5_output/absolute30/all,mean_baseline,player0.velocity.y,-0.0035577751973714378,985.977645857528,1139.8000099816127
mean/block_5_output/absolute30/all,mean_baseline,player0.velocity.z,-0.0008102598608903389,72.4989113988421,166.07624697552515
mean/block_5_output/absolute30/all,mean_baseline,player1.location.x,-0.014778076768861448,1727.8257044851055,2100.8900829340287
mean/block_5_output/absolute30/all,mean_baseline,player1.location.y,-0.015010201279291202,2197.192751359771,2606.1406860804723
mean/block_5_output/absolute30/all,mean_baseline,player1.location.z,-0.009584642205668237,97.80023404255002,139.71330934018368
mean/block_5_output/absolute30/all,mean_baseline,player1.velocity.x,-0.0006408076733923629,686.9041393019569,840.9589774570801
mean/block_5_output/absolute30/all,mean_baseline,player1.velocity.y,-1.138454244675735e-05,916.0526462361835,1074.7032869764535
mean/block_5_output/absolute30/all,mean_baseline,player1.velocity.z,-0.005618175667208236,108.89376912896446,209.5126598266042
mean/block_5_output/absolute30/all,mean_baseline,player2.location.x,-0.005440806206312265,1752.2053648317922,2133.953212522112
mean/block_5_output/absolute30/all,mean_baseline,player2.location.y,-0.003419445648666475,2470.760593324129,2928.3109621467024
mean/block_5_output/absolute30/all,mean_baseline,player2.location.z,-0.0002812393951454606,97.47023478301243,167.43726045096446
mean/block_5_output/absolute30/all,mean_baseline,player2.velocity.x,-0.005489061778163773,744.7823823144371,890.6957715054511
mean/block_5_output/absolute30/all,mean_baseline,player2.velocity.y,-0.00094724702047011,946.2121989705495,1109.0066792979926
mean/block_5_output/absolute30/all,mean_baseline,player2.velocity.z,-0.006027882879908963,119.5975905257457,232.9132944137804
mean/block_5_output/absolute30/all,mean_baseline,player3.location.x,-0.0030909602692983373,1765.057534397913,2132.5323990091183
mean/block_5_output/absolute30/all,mean_baseline,player3.location.y,-0.0010031081229333605,2359.367222481406,2792.879243679567
mean/block_5_output/absolute30/all,mean_baseline,player3.location.z,-0.011126232374874645,89.00177108944708,174.72501578367607
mean/block_5_output/absolute30/all,mean_baseline,player3.velocity.x,-0.00311515707184018,744.8540393290435,888.130598775411
mean/block_5_output/absolute30/all,mean_baseline,player3.velocity.y,-0.02061054710366328,932.5662282461398,1090.486287630653
mean/block_5_output/absolute30/all,mean_baseline,player3.velocity.z,-0.0005185456141734157,87.6699107485796,182.68286366937105
mean/block_5_output/absolute30/position,main,ball.location.x,0.4588900178853723,1385.2551189451951,1692.1421624324662
mean/block_5_output/absolute30/position,main,ball.location.y,0.7527307674889092,1084.510449294617,1351.4588022982296
mean/block_5_output/absolute30/position,main,ball.location.z,0.8643977334143126,117.41784954363489,172.50413771047363
mean/block_5_output/absolute30/position,main,player0.location.x,0.23414564919222625,1526.606004795567,1867.7304490034446
mean/block_5_output/absolute30/position,main,player0.location.y,0.25200645588771553,1839.5816565850625,2272.356278569046
mean/block_5_output/absolute30/position,main,player0.location.z,0.06668738186298284,86.7305570707449,157.03406457444865
mean/block_5_output/absolute30/position,main,player1.location.x,0.23666826434688104,1481.818665975692,1822.109415362791
mean/block_5_output/absolute30/position,main,player1.location.y,0.26735508223790916,1772.5946540787572,2214.1621550262626
mean/block_5_output/absolute30/position,main,player1.location.z,0.016920763457421995,95.23915235987347,137.86711059670594
mean/block_5_output/absolute30/position,main,player2.location.x,0.2023890439073106,1528.5268447523802,1900.6501969701385
mean/block_5_output/absolute30/position,main,player2.location.y,0.25661234769825936,2077.8752533845272,2520.482046565673
mean/block_5_output/absolute30/position,main,player2.location.z,0.10070619111571644,94.55104546104448,158.7602776009233
mean/block_5_output/absolute30/position,main,player3.location.x,0.27600263348133847,1494.0729156643633,1811.732074074228
mean/block_5_output/absolute30/position,main,player3.location.y,0.27747649222106985,1919.6191911154083,2372.7961897721525
mean/block_5_output/absolute30/position,main,player3.location.z,0.07234900135787148,89.68909304331142,167.35731811852682
mean/block_5_output/absolute30/position,shuffled,ball.location.x,-0.02746732583668332,1961.5943262939631,2331.7290524157697
mean/block_5_output/absolute30/position,shuffled,ball.location.y,-0.03607694151113083,2329.5635050218493,2766.3923502483644
mean/block_5_output/absolute30/position,shuffled,ball.location.z,0.022225049358078564,367.89623697959587,463.21807312919475
mean/block_5_output/absolute30/position,shuffled,player0.location.x,-0.0072034071947280065,1800.2264078051462,2141.902511970199
mean/block_5_output/absolute30/position,shuffled,player0.location.y,-0.03720585575909485,2319.237846203845,2675.8390038571615
mean/block_5_output/absolute30/position,shuffled,player0.location.z,-0.009490413903488149,92.43037447931601,163.31700341367448
mean/block_5_output/absolute30/position,shuffled,player1.location.x,-0.02476140434815144,1731.465622042849,2111.1990074382943
mean/block_5_output/absolute30/position,shuffled,player1.location.y,-0.044719663492622796,2247.060277486939,2644.006614334794
mean/block_5_output/absolute30/position,shuffled,player1.location.z,-0.06011083795697858,103.0465692922178,143.16671144294926
mean/block_5_output/absolute30/position,shuffled,player2.location.x,-0.018220237434469544,1766.450955123708,2147.471959700771
mean/block_5_output/absolute30/position,shuffled,player2.location.y,-0.008812096104243494,2478.6608997492226,2936.1691901120416
mean/block_5_output/absolute30/position,shuffled,player2.location.z,-0.002301209341195598,96.65695940721683,167.60623675642216
mean/block_5_output/absolute30/position,shuffled,player3.location.x,-0.021120382648491143,1787.892293472786,2151.611973055225
mean/block_5_output/absolute30/position,shuffled,player3.location.y,0.0017397137323484912,2352.332938848961,2789.0502720899517
mean/block_5_output/absolute30/position,shuffled,player3.location.z,-0.0310704016378045,88.90214237593199,176.43980108722664
mean/block_5_output/absolute30/position,mean_baseline,ball.location.x,-0.015292177830805498,1947.3397000162636,2317.8727729467046
mean/block_5_output/absolute30/position,mean_baseline,ball.location.y,-0.009580783883050614,2301.5412136672608,2730.790030642984
mean/block_5_output/absolute30/position,mean_baseline,ball.location.z,-0.011644381696993333,374.2821438935884,471.1725480170597
mean/block_5_output/absolute30/position,mean_baseline,player0.location.x,-0.004061532980069504,1791.291018186244,2138.559173126263
mean/block_5_output/absolute30/position,mean_baseline,player0.location.y,-0.005247244997540257,2275.493365710031,2634.2921980254073
mean/block_5_output/absolute30/position,mean_baseline,player0.location.z,-0.0007059736389880555,89.94023355699402,162.60487028163828
mean/block_5_output/absolute30/position,mean_baseline,player1.location.x,-0.014778076768861448,1727.8257044851055,2100.8900829340287
mean/block_5_output/absolute30/position,mean_baseline,player1.location.y,-0.015010201279291202,2197.192751359771,2606.1406860804723
mean/block_5_output/absolute30/position,mean_baseline,player1.location.z,-0.009584642205668237,97.80023404255002,139.71330934018368
mean/block_5_output/absolute30/position,mean_baseline,player2.location.x,-0.005440806206312265,1752.2053648317922,2133.953212522112
mean/block_5_output/absolute30/position,mean_baseline,player2.location.y,-0.003419445648666475,2470.760593324129,2928.3109621467024
mean/block_5_output/absolute30/position,mean_baseline,player2.location.z,-0.0002812393951454606,97.47023478301243,167.43726045096446
mean/block_5_output/absolute30/position,mean_baseline,player3.location.x,-0.0030909602692983373,1765.057534397913,2132.5323990091183
mean/block_5_output/absolute30/position,mean_baseline,player3.location.y,-0.0010031081229333605,2359.367222481406,2792.879243679567
mean/block_5_output/absolute30/position,mean_baseline,player3.location.z,-0.011126232374874645,89.00177108944708,174.72501578367607
mean/block_5_output/current_and_delta/absolute30/velocity,main,ball.velocity.x,-0.0034368203706562905,676.229965684043,852.6935190713738
mean/block_5_output/current_and_delta/absolute30/velocity,main,ball.velocity.y,0.0038960888266190707,993.599469484818,1217.2513398219642
mean/block_5_output/current_and_delta/absolute30/velocity,main,ball.velocity.z,0.32374583393666856,321.83428049211363,440.66080112562594
mean/block_5_output/current_and_delta/absolute30/velocity,main,player0.velocity.x,0.033688994444256326,716.7942232015358,875.0659731825093
mean/block_5_output/current_and_delta/absolute30/velocity,main,player0.velocity.y,0.026877685078121716,954.3222635676914,1122.383263919258
mean/block_5_output/current_and_delta/absolute30/velocity,main,player0.velocity.z,0.049670873031285145,84.20262709622546,161.8335897756299
mean/block_5_output/current_and_delta/absolute30/velocity,main,player1.velocity.x,-0.003597848083883637,687.6545351630638,842.2006393965422
mean/block_5_output/current_and_delta/absolute30/velocity,main,player1.velocity.y,0.038650987501621104,878.2332483513499,1053.7234553285546
mean/block_5_output/current_and_delta/absolute30/velocity,main,player1.velocity.z,0.03694369760470617,117.4416565662722,205.03101048932388
mean/block_5_output/current_and_delta/absolute30/velocity,main,player2.velocity.x,0.005212280547612469,741.7489223328187,885.9432894980257
mean/block_5_output/current_and_delta/absolute30/velocity,main,player2.velocity.y,0.02601657919819156,923.2907852486678,1093.9673218383462
mean/block_5_output/current_and_delta/absolute30/velocity,main,player2.velocity.z,0.04001693975137521,123.26503822270564,227.52077280776479
mean/block_5_output/current_and_delta/absolute30/velocity,main,player3.velocity.x,-0.030178192087914724,754.5078058425472,900.031299563607
mean/block_5_output/current_and_delta/absolute30/velocity,main,player3.velocity.y,-0.038997008464538796,938.7198075144919,1100.2650845436665
mean/block_5_output/current_and_delta/absolute30/velocity,main,player3.velocity.z,0.0009444735604777765,99.90806634495372,182.54924980025126
mean/block_5_output/current_and_delta/absolute30/velocity,shuffled,ball.velocity.x,-0.005547097197054596,674.1170295819735,853.5896762900062
mean/block_5_output/current_and_delta/absolute30/velocity,shuffled,ball.velocity.y,-0.0012987581723002961,992.7534607118847,1220.421295981806
mean/block_5_output/current_and_delta/absolute30/velocity,shuffled,ball.velocity.z,0.0010034378574916847,396.990904997704,535.5887421077739
mean/block_5_output/current_and_delta/absolute30/velocity,shuffled,player0.velocity.x,0.006771342127157243,735.3262286764398,887.1702188745402
mean/block_5_output/current_and_delta/absolute30/velocity,shuffled,player0.velocity.y,0.0020513436560957166,983.8841963910216,1136.610242381072
mean/block_5_output/current_and_delta/absolute30/velocity,shuffled,player0.velocity.z,0.0019285066353347258,75.4675664177612,165.84885339175645
mean/block_5_output/current_and_delta/absolute30/velocity,shuffled,player1.velocity.x,0.009243719220080049,683.4825046256823,836.7950898421983
mean/block_5_output/current_and_delta/absolute30/velocity,shuffled,player1.velocity.y,-0.020030867225241167,925.3498893948941,1085.4073600054219
mean/block_5_output/current_and_delta/absolute30/velocity,shuffled,player1.velocity.z,-0.015323677645516565,111.35344632464702,210.5212646967975
mean/block_5_output/current_and_delta/absolute30/velocity,shuffled,player2.velocity.x,-0.0065763279015236265,745.8482669097624,891.1772097032268
mean/block_5_output/current_and_delta/absolute30/velocity,shuffled,player2.velocity.y,-0.014088081529631369,950.1573281872697,1116.262682933148
mean/block_5_output/current_and_delta/absolute30/velocity,shuffled,player2.velocity.z,-0.01134549181638933,118.42515893428762,233.52804351437152
mean/block_5_output/current_and_delta/absolute30/velocity,shuffled,player3.velocity.x,0.0027061936038380585,741.0597878110032,885.5498171112464
mean/block_5_output/current_and_delta/absolute30/velocity,shuffled,player3.velocity.y,-0.02864542169188633,936.8374202228648,1094.7703621615929
mean/block_5_output/current_and_delta/absolute30/velocity,shuffled,player3.velocity.z,0.005980027360016016,89.73891811170073,182.08861584011535
mean/block_5_output/current_and_delta/absolute30/velocity,mean_baseline,ball.velocity.x,-0.004244654594609765,674.6953217536045,853.036687873536
mean/block_5_output/current_and_delta/absolute30/velocity,mean_baseline,ball.velocity.y,-0.0036194843360590756,992.2849696820493,1221.834772435584
mean/block_5_output/current_and_delta/absolute30/velocity,mean_baseline,ball.velocity.z,-0.004337311129713806,397.01703717377535,537.0184928494391
mean/block_5_output/current_and_delta/absolute30/velocity,mean_baseline,player0.velocity.x,-0.0002704508834190378,738.9990047216809,890.3095942357807
mean/block_5_output/current_and_delta/absolute30/velocity,mean_baseline,player0.velocity.y,-0.0035577751973714378,985.977645857528,1139.8000099816127
mean/block_5_output/current_and_delta/absolute30/velocity,mean_baseline,player0.velocity.z,-0.0008102598608903389,72.4989113988421,166.07624697552515
mean/block_5_output/current_and_delta/absolute30/velocity,mean_baseline,player1.velocity.x,-0.0006408076733923629,686.9041393019569,840.9589774570801
mean/block_5_output/current_and_delta/absolute30/velocity,mean_baseline,player1.velocity.y,-1.138454244675735e-05,916.0526462361835,1074.7032869764535
mean/block_5_output/current_and_delta/absolute30/velocity,mean_baseline,player1.velocity.z,-0.005618175667208236,108.89376912896446,209.5126598266042
mean/block_5_output/current_and_delta/absolute30/velocity,mean_baseline,player2.velocity.x,-0.005489061778163773,744.7823823144371,890.6957715054511
mean/block_5_output/current_and_delta/absolute30/velocity,mean_baseline,player2.velocity.y,-0.00094724702047011,946.2121989705495,1109.0066792979926
mean/block_5_output/current_and_delta/absolute30/velocity,mean_baseline,player2.velocity.z,-0.006027882879908963,119.5975905257457,232.9132944137804
mean/block_5_output/current_and_delta/absolute30/velocity,mean_baseline,player3.velocity.x,-0.00311515707184018,744.8540393290435,888.130598775411
mean/block_5_output/current_and_delta/absolute30/velocity,mean_baseline,player3.velocity.y,-0.02061054710366328,932.5662282461398,1090.486287630653
mean/block_5_output/current_and_delta/absolute30/velocity,mean_baseline,player3.velocity.z,-0.0005185456141734157,87.6699107485796,182.68286366937105
mean/block_5_output/role12/position,main,ego.location.x,0.659664443425743,943.84799176471,1235.9463983512694
mean/block_5_output/role12/position,main,ego.location.y,0.899701953209484,713.8059622259842,909.6660665489319
mean/block_5_output/role12/position,main,ego.location.z,0.9739045586308789,15.922568901650033,26.085839640590148
mean/block_5_output/role12/position,main,ball_minus_ego.location.x,0.5204626560598731,733.1147403324709,974.543800437648
mean/block_5_output/role12/position,main,ball_minus_ego.location.y,0.6938364343836335,1094.046629456353,1403.0314075171634
mean/block_5_output/role12/position,main,ball_minus_ego.location.z,0.9256624927989588,93.20337487564372,127.30916902604709
mean/block_5_output/role12/position,shuffled,ego.location.x,-0.019995196092458922,1771.4268443185802,2139.6613275064324
mean/block_5_output/role12/position,shuffled,ego.location.y,0.0017412282941617896,2468.7979316613173,2869.837618605932
mean/block_5_output/role12/position,shuffled,ego.location.z,-0.004503129573155018,94.91913288492617,161.8445740177596
mean/block_5_output/role12/position,shuffled,ball_minus_ego.location.x,-0.010225824890703672,936.7521897146321,1414.4883651445573
mean/block_5_output/role12/position,shuffled,ball_minus_ego.location.y,0.013899958534525303,1758.8812645476671,2517.973342734946
mean/block_5_output/role12/position,shuffled,ball_minus_ego.location.z,0.01220124373796927,359.51266591902674,464.0768708477317
mean/block_5_output/role12/position,mean_baseline,ego.location.x,-0.0061238075403691195,1757.4809161157154,2125.062398965954
mean/block_5_output/role12/position,mean_baseline,ego.location.y,-0.00033092749733132365,2469.82062972568,2872.814636182625
mean/block_5_output/role12/position,mean_baseline,ego.location.z,-3.1621040123663846e-05,94.53315427657809,161.48394967568586
mean/block_5_output/role12/position,mean_baseline,ball_minus_ego.location.x,-0.0071111882426388995,936.1033660712012,1412.3061707349107
mean/block_5_output/role12/position,mean_baseline,ball_minus_ego.location.y,-0.007107460133051191,1772.5708348163728,2544.6528685499625
mean/block_5_output/role12/position,mean_baseline,ball_minus_ego.location.z,-0.011302969965309773,364.4317923043337,469.56565905994484
mean/block_6_output/absolute30/velocity,main,ball.velocity.x,0.006260747445022141,672.3488896783203,848.56314984951
mean/block_6_output/absolute30/velocity,main,ball.velocity.y,0.0024819903941916133,996.2900554125979,1218.1150563071278
mean/block_6_output/absolute30/velocity,main,ball.velocity.z,0.24264759174219153,342.90484005540713,466.3354685006503
mean/block_6_output/absolute30/velocity,main,player0.velocity.x,0.03425228351689169,717.1982172353872,874.8108860769828
mean/block_6_output/absolute30/velocity,main,player0.velocity.y,0.027191441551462248,955.0621391119869,1122.2023085555438
mean/block_6_output/absolute30/velocity,main,player0.velocity.z,0.06157251639730954,83.27568251515076,160.81701872237187
mean/block_6_output/absolute30/velocity,main,player1.velocity.x,-0.0043332813910830215,686.2441482887881,842.509163858772
mean/block_6_output/absolute30/velocity,main,player1.velocity.y,0.03739514420841428,879.3575886741961,1054.4114883047544
mean/block_6_output/absolute30/velocity,main,player1.velocity.z,0.04987502674000788,116.3375715146869,203.64984314850602
mean/block_6_output/absolute30/velocity,main,player2.velocity.x,0.00423220955244108,742.2157350623861,886.3796004562366
mean/block_6_output/absolute30/velocity,main,player2.velocity.y,0.022390053419113487,925.9375402129012,1096.0020662246418
mean/block_6_output/absolute30/velocity,main,player2.velocity.z,0.047061909290801895,122.67143146228399,226.6843890450275
mean/block_6_output/absolute30/velocity,main,player3.velocity.x,-0.029456384958239656,754.6310015148964,899.7159352654744
mean/block_6_output/absolute30/velocity,main,player3.velocity.y,-0.03961275959519117,939.8431738895576,1100.591066773263
mean/block_6_output/absolute30/velocity,main,player3.velocity.z,0.012703118121593082,98.32892428485091,181.4717895528222
mean/block_6_output/absolute30/velocity,shuffled,ball.velocity.x,-0.004855723573138793,674.40112563413,853.2961789167375
mean/block_6_output/absolute30/velocity,shuffled,ball.velocity.y,-0.0016798508400472922,992.8655069572046,1220.6535190613904
mean/block_6_output/absolute30/velocity,shuffled,ball.velocity.z,-0.0009134681050377846,397.342992089767,536.1023480904322
mean/block_6_output/absolute30/velocity,shuffled,player0.velocity.x,0.007189790829531972,735.0646973240373,886.9833161242738
mean/block_6_output/absolute30/velocity,shuffled,player0.velocity.y,0.0011358361427331598,984.0993535713723,1137.1314799549145
mean/block_6_output/absolute30/velocity,shuffled,player0.velocity.z,0.0021688788883350574,74.6727420090829,165.82888094320538
mean/block_6_output/absolute30/velocity,shuffled,player1.velocity.x,0.008542664101496178,683.540451195049,837.0910938913723
mean/block_6_output/absolute30/velocity,shuffled,player1.velocity.y,-0.01657730682777281,923.9478807015767,1083.5683479439888
mean/block_6_output/absolute30/velocity,shuffled,player1.velocity.z,-0.014174793427738308,111.12777111065142,210.40212386381663
mean/block_6_output/absolute30/velocity,shuffled,player2.velocity.x,-0.007419668614279562,746.3228345945249,891.5504594245862
mean/block_6_output/absolute30/velocity,shuffled,player2.velocity.y,-0.015179252124973397,950.8200947467822,1116.863077297407
mean/block_6_output/absolute30/velocity,shuffled,player2.velocity.z,-0.012730624863374285,118.63221976948408,233.68790813733335
mean/block_6_output/absolute30/velocity,shuffled,player3.velocity.x,0.003116746430034012,740.914147256347,885.3675225845789
mean/block_6_output/absolute30/velocity,shuffled,player3.velocity.y,-0.030048102156080336,937.2747065874752,1095.5165327205914
mean/block_6_output/absolute30/velocity,shuffled,player3.velocity.z,0.006215291083252139,88.75914678858636,182.0670662827799
mean/block_6_output/absolute30/velocity,mean_baseline,ball.velocity.x,-0.004244654594609765,674.6953217536045,853.036687873536
mean/block_6_output/absolute30/velocity,mean_baseline,ball.velocity.y,-0.0036194843360590756,992.2849696820493,1221.834772435584
mean/block_6_output/absolute30/velocity,mean_baseline,ball.velocity.z,-0.004337311129713806,397.01703717377535,537.0184928494391
mean/block_6_output/absolute30/velocity,mean_baseline,player0.velocity.x,-0.0002704508834190378,738.9990047216809,890.3095942357807
mean/block_6_output/absolute30/velocity,mean_baseline,player0.velocity.y,-0.0035577751973714378,985.977645857528,1139.8000099816127
mean/block_6_output/absolute30/velocity,mean_baseline,player0.velocity.z,-0.0008102598608903389,72.4989113988421,166.07624697552515
mean/block_6_output/absolute30/velocity,mean_baseline,player1.velocity.x,-0.0006408076733923629,686.9041393019569,840.9589774570801
mean/block_6_output/absolute30/velocity,mean_baseline,player1.velocity.y,-1.138454244675735e-05,916.0526462361835,1074.7032869764535
mean/block_6_output/absolute30/velocity,mean_baseline,player1.velocity.z,-0.005618175667208236,108.89376912896446,209.5126598266042
mean/block_6_output/absolute30/velocity,mean_baseline,player2.velocity.x,-0.005489061778163773,744.7823823144371,890.6957715054511
mean/block_6_output/absolute30/velocity,mean_baseline,player2.velocity.y,-0.00094724702047011,946.2121989705495,1109.0066792979926
mean/block_6_output/absolute30/velocity,mean_baseline,player2.velocity.z,-0.006027882879908963,119.5975905257457,232.9132944137804
mean/block_6_output/absolute30/velocity,mean_baseline,player3.velocity.x,-0.00311515707184018,744.8540393290435,888.130598775411
mean/block_6_output/absolute30/velocity,mean_baseline,player3.velocity.y,-0.02061054710366328,932.5662282461398,1090.486287630653
mean/block_6_output/absolute30/velocity,mean_baseline,player3.velocity.z,-0.0005185456141734157,87.6699107485796,182.68286366937105
mean/block_6_output/current_and_delta/role12/velocity,main,ego.velocity.x,0.09005331134425887,684.4506015499761,840.6353163496731
mean/block_6_output/current_and_delta/role12/velocity,main,ego.velocity.y,0.1000372200383649,874.7555353506342,1053.056618770394
mean/block_6_output/current_and_delta/role12/velocity,main,ego.velocity.z,0.8826743308499743,42.275613571829474,70.36611432916942
mean/block_6_output/current_and_delta/role12/velocity,main,ball_minus_ego.velocity.x,-0.00687335981708026,656.9442504366443,890.0302055331055
mean/block_6_output/current_and_delta/role12/velocity,main,ball_minus_ego.velocity.y,0.014324662893894557,966.7420912877544,1268.2099334724903
mean/block_6_output/current_and_delta/role12/velocity,main,ball_minus_ego.velocity.z,0.5426603677370021,275.9836862911942,377.00548991036254
mean/block_6_output/current_and_delta/role12/velocity,shuffled,ego.velocity.x,0.0013243069576907018,731.9908437793189,880.667352500001
mean/block_6_output/current_and_delta/role12/velocity,shuffled,ego.velocity.y,0.0020677989145581055,952.64715498457,1108.8938277870468
mean/block_6_output/current_and_delta/role12/velocity,shuffled,ego.velocity.z,0.008489433863963725,95.964882165624,204.55764870618958
mean/block_6_output/current_and_delta/role12/velocity,shuffled,ball_minus_ego.velocity.x,-0.010599509557348563,661.9986558946009,891.6755580507606
mean/block_6_output/current_and_delta/role12/velocity,shuffled,ball_minus_ego.velocity.y,-0.002782759146346736,967.4504033379255,1279.1681423373943
mean/block_6_output/current_and_delta/role12/velocity,shuffled,ball_minus_ego.velocity.z,-0.0017842117137252256,416.3082083566405,557.975778388108
mean/block_6_output/current_and_delta/role12/velocity,mean_baseline,ego.velocity.x,-0.00015464278558896538,732.3893769035252,881.3192062062934
mean/block_6_output/current_and_delta/role12/velocity,mean_baseline,ego.velocity.y,-0.003301672645417586,955.6802619667491,1111.8730813308352
mean/block_6_output/current_and_delta/role12/velocity,mean_baseline,ego.velocity.z,-0.00017713100356275824,95.09797486529447,205.44969922757747
mean/block_6_output/current_and_delta/role12/velocity,mean_baseline,ball_minus_ego.velocity.x,-0.005606992309753256,659.441897164787,889.4703238253546
mean/block_6_output/current_and_delta/role12/velocity,mean_baseline,ball_minus_ego.velocity.y,-5.638952074393799e-05,965.9493183550418,1277.4280551588013
mean/block_6_output/current_and_delta/role12/velocity,mean_baseline,ball_minus_ego.velocity.z,-0.004652392568605501,414.97188730841316,558.7739700373228
mean/block_6_output/role12/all,main,ego.location.x,0.6309458487916272,1006.9284576357234,1287.0369679353923
mean/block_6_output/role12/all,main,ego.location.y,0.9118847115143482,681.2265544504199,852.6315332986042
mean/block_6_output/role12/all,main,ego.location.z,0.978809251430695,13.818477523073488,23.506915495085984
mean/block_6_output/role12/all,main,ego.velocity.x,0.09048673652745476,675.913626937274,840.4350870846491
mean/block_6_output/role12/all,main,ego.velocity.y,0.10013822777569337,845.8671095504036,1052.9975219647204
mean/block_6_output/role12/all,main,ego.velocity.z,0.8977447944196834,41.13733774918978,65.6915883560443
mean/block_6_output/role12/all,main,ball_minus_ego.location.x,0.55552579410416,699.6695799533272,938.2388839110117
mean/block_6_output/role12/all,main,ball_minus_ego.location.y,0.6924131788656567,1086.761891703864,1406.2887462270476
mean/block_6_output/role12/all,main,ball_minus_ego.location.z,0.9047083513504377,102.54503835973061,144.1395317959989
mean/block_6_output/role12/all,main,ball_minus_ego.velocity.x,-0.07506088675569256,684.2201878066993,919.6738785640398
mean/block_6_output/role12/all,main,ball_minus_ego.velocity.y,-0.04252258490523064,997.3887010137978,1304.2683079376882
mean/block_6_output/role12/all,main,ball_minus_ego.velocity.z,0.6513289511523501,242.16356166042462,329.18209083074174
mean/block_6_output/role12/all,shuffled,ego.location.x,-0.01863986819826824,1769.2210062795355,2138.2393077438605
mean/block_6_output/role12/all,shuffled,ego.location.y,0.001794642969929594,2469.264057769708,2869.7608381653904
mean/block_6_output/role12/all,shuffled,ego.location.z,-0.0026356210198885677,94.66342005579894,161.69405844079282
mean/block_6_output/role12/all,shuffled,ego.velocity.x,0.0008710546624839388,732.0925103356227,880.8671767379166
mean/block_6_output/role12/all,shuffled,ego.velocity.y,0.001953279638852168,952.3722063972705,1108.9574523874142
mean/block_6_output/role12/all,shuffled,ego.velocity.z,0.008485981178462887,95.76797670308028,204.55800486609195
mean/block_6_output/role12/all,shuffled,ball_minus_ego.location.x,-0.01015592603217308,937.677913337114,1414.4394291393555
mean/block_6_output/role12/all,shuffled,ball_minus_ego.location.y,0.012548008831679947,1761.2552330430829,2519.6988306076187
mean/block_6_output/role12/all,shuffled,ball_minus_ego.location.z,0.0055865609638922065,360.90767722925665,465.62809744540556
mean/block_6_output/role12/all,shuffled,ball_minus_ego.velocity.x,-0.010109878855721233,661.9398745564295,891.4595255772356
mean/block_6_output/role12/all,shuffled,ball_minus_ego.velocity.y,-0.002120709234889162,967.2123921413715,1278.7458110932082
mean/block_6_output/role12/all,shuffled,ball_minus_ego.velocity.z,-0.002169094568184704,416.3452844115778,558.0829545068019
mean/block_6_output/role12/all,mean_baseline,ego.location.x,-0.0061238075403691195,1757.4809161157154,2125.062398965954
mean/block_6_output/role12/all,mean_baseline,ego.location.y,-0.00033092749733132365,2469.82062972568,2872.814636182625
mean/block_6_output/role12/all,mean_baseline,ego.location.z,-3.1621040123663846e-05,94.53315427657809,161.48394967568586
mean/block_6_output/role12/all,mean_baseline,ego.velocity.x,-0.00015464278558896538,732.3893769035252,881.3192062062934
mean/block_6_output/role12/all,mean_baseline,ego.velocity.y,-0.003301672645417586,955.6802619667491,1111.8730813308352
mean/block_6_output/role12/all,mean_baseline,ego.velocity.z,-0.00017713100356275824,95.09797486529447,205.44969922757747
mean/block_6_output/role12/all,mean_baseline,ball_minus_ego.location.x,-0.0071111882426388995,936.1033660712012,1412.3061707349107
mean/block_6_output/role12/all,mean_baseline,ball_minus_ego.location.y,-0.007107460133051191,1772.5708348163728,2544.6528685499625
mean/block_6_output/role12/all,mean_baseline,ball_minus_ego.location.z,-0.011302969965309773,364.4317923043337,469.56565905994484
mean/block_6_output/role12/all,mean_baseline,ball_minus_ego.velocity.x,-0.005606992309753256,659.441897164787,889.4703238253546
mean/block_6_output/role12/all,mean_baseline,ball_minus_ego.velocity.y,-5.638952074393799e-05,965.9493183550418,1277.4280551588013
mean/block_6_output/role12/all,mean_baseline,ball_minus_ego.velocity.z,-0.004652392568605501,414.97188730841316,558.7739700373228
mean/block_6_output/role12/velocity,main,ego.velocity.x,0.09048673652745476,675.913626937274,840.4350870846491
mean/block_6_output/role12/velocity,main,ego.velocity.y,0.10013822777569337,845.8671095504036,1052.9975219647204
mean/block_6_output/role12/velocity,main,ego.velocity.z,0.8977447944196834,41.13733774918978,65.6915883560443
mean/block_6_output/role12/velocity,main,ball_minus_ego.velocity.x,-0.07506088675569256,684.2201878066993,919.6738785640398
mean/block_6_output/role12/velocity,main,ball_minus_ego.velocity.y,-0.04252258490523064,997.3887010137978,1304.2683079376882
mean/block_6_output/role12/velocity,main,ball_minus_ego.velocity.z,0.6513289511523501,242.16356166042462,329.18209083074174
mean/block_6_output/role12/velocity,shuffled,ego.velocity.x,0.0008710546624839388,732.0925103356227,880.8671767379166
mean/block_6_output/role12/velocity,shuffled,ego.velocity.y,0.001953279638852168,952.3722063972705,1108.9574523874142
mean/block_6_output/role12/velocity,shuffled,ego.velocity.z,0.008485981178462887,95.76797670308028,204.55800486609195
mean/block_6_output/role12/velocity,shuffled,ball_minus_ego.velocity.x,-0.010109878855721233,661.9398745564295,891.4595255772356
mean/block_6_output/role12/velocity,shuffled,ball_minus_ego.velocity.y,-0.002120709234889162,967.2123921413715,1278.7458110932082
mean/block_6_output/role12/velocity,shuffled,ball_minus_ego.velocity.z,-0.002169094568184704,416.3452844115778,558.0829545068019
mean/block_6_output/role12/velocity,mean_baseline,ego.velocity.x,-0.00015464278558896538,732.3893769035252,881.3192062062934
mean/block_6_output/role12/velocity,mean_baseline,ego.velocity.y,-0.003301672645417586,955.6802619667491,1111.8730813308352
mean/block_6_output/role12/velocity,mean_baseline,ego.velocity.z,-0.00017713100356275824,95.09797486529447,205.44969922757747
mean/block_6_output/role12/velocity,mean_baseline,ball_minus_ego.velocity.x,-0.005606992309753256,659.441897164787,889.4703238253546
mean/block_6_output/role12/velocity,mean_baseline,ball_minus_ego.velocity.y,-5.638952074393799e-05,965.9493183550418,1277.4280551588013
mean/block_6_output/role12/velocity,mean_baseline,ball_minus_ego.velocity.z,-0.004652392568605501,414.97188730841316,558.7739700373228
spatial/block_11_output/absolute30/position,main,ball.location.x,0.42239081926751454,1420.2328950901203,1748.2805164778028
spatial/block_11_output/absolute30/position,main,ball.location.y,0.5561910318911802,1468.852167621713,1810.5720329679962
spatial/block_11_output/absolute30/position,main,ball.location.z,0.47046613123735126,254.44969616770828,340.8889419967938
spatial/block_11_output/absolute30/position,main,player0.location.x,0.19536025966564818,1568.9420845029285,1914.4403805475126
spatial/block_11_output/absolute30/position,main,player0.location.y,0.1789860571818397,1970.0882996710309,2380.689552822671
spatial/block_11_output/absolute30/position,main,player0.location.z,-0.008109808667327245,92.37472694617696,163.2052869220999
spatial/block_11_output/absolute30/position,main,player1.location.x,0.21549764711552433,1488.9647303328916,1847.2042459503402
spatial/block_11_output/absolute30/position,main,player1.location.y,0.1733324954031238,1911.899229426763,2351.950005814082
spatial/block_11_output/absolute30/position,main,player1.location.z,-0.10024556274708485,102.25381387307146,145.85160912677554
spatial/block_11_output/absolute30/position,main,player2.location.x,0.17042635111983895,1562.4970002485247,1938.3585477352676
spatial/block_11_output/absolute30/position,main,player2.location.y,0.15978227924011845,2210.0026911997415,2679.6116368151047
spatial/block_11_output/absolute30/position,main,player2.location.z,-0.008149947109518108,99.92500301822216,168.09454257148008
spatial/block_11_output/absolute30/position,main,player3.location.x,0.21849284140923964,1532.8570140122774,1882.3135127140706
spatial/block_11_output/absolute30/position,main,player3.location.y,0.17947885967302568,2071.1021478780726,2528.5953380498663
spatial/block_11_output/absolute30/position,main,player3.location.z,0.014179299939812262,92.00151764030308,172.5247338385419
spatial/block_11_output/absolute30/position,shuffled,ball.location.x,-0.019406869561346074,1951.426761205001,2322.5648648608053
spatial/block_11_output/absolute30/position,shuffled,ball.location.y,-0.021647893584530786,2312.0101597100906,2747.061566222609
spatial/block_11_output/absolute30/position,shuffled,ball.location.z,0.002852429736235118,371.96816696343393,467.78442725271117
spatial/block_11_output/absolute30/position,shuffled,player0.location.x,-0.00467020082014602,1795.6380227744328,2139.2072783167932
spatial/block_11_output/absolute30/position,shuffled,player0.location.y,-0.023563918218656443,2301.0492647393107,2658.1836592041072
spatial/block_11_output/absolute30/position,shuffled,player0.location.z,-0.004729528995347065,91.55040866524728,162.93143642323815
spatial/block_11_output/absolute30/position,shuffled,player1.location.x,-0.020190010220344057,1728.6173522726087,2106.484783211778
spatial/block_11_output/absolute30/position,shuffled,player1.location.y,-0.031613044419029235,2229.623585147087,2627.368962845252
spatial/block_11_output/absolute30/position,shuffled,player1.location.z,-0.035312607459180745,100.84431202501406,141.4823169583087
spatial/block_11_output/absolute30/position,shuffled,player2.location.x,-0.013411473329071555,1760.5210864017338,2142.395009217825
spatial/block_11_output/absolute30/position,shuffled,player2.location.y,-0.004169148474085782,2472.1270134524634,2929.4046987188804
spatial/block_11_output/absolute30/position,shuffled,player2.location.z,-0.00181494417348671,97.07744425404054,167.56557484685834
spatial/block_11_output/absolute30/position,shuffled,player3.location.x,-0.01669969011183281,1779.8663992327179,2146.949480731292
spatial/block_11_output/absolute30/position,shuffled,player3.location.y,0.0012491661731278692,2354.0514662293076,2789.7354610051584
spatial/block_11_output/absolute30/position,shuffled,player3.location.z,-0.024463328925187655,89.16223784515867,175.8735816875078
spatial/block_11_output/absolute30/position,mean_baseline,ball.location.x,-0.015292177830805498,1947.3397000162636,2317.8727729467046
spatial/block_11_output/absolute30/position,mean_baseline,ball.location.y,-0.009580783883050614,2301.5412136672608,2730.790030642984
spatial/block_11_output/absolute30/position,mean_baseline,ball.location.z,-0.011644381696993333,374.2821438935884,471.1725480170597
spatial/block_11_output/absolute30/position,mean_baseline,player0.location.x,-0.004061532980069504,1791.291018186244,2138.559173126263
spatial/block_11_output/absolute30/position,mean_baseline,player0.location.y,-0.005247244997540257,2275.493365710031,2634.2921980254073
spatial/block_11_output/absolute30/position,mean_baseline,player0.location.z,-0.0007059736389880555,89.94023355699402,162.60487028163828
spatial/block_11_output/absolute30/position,mean_baseline,player1.location.x,-0.014778076768861448,1727.8257044851055,2100.8900829340287
spatial/block_11_output/absolute30/position,mean_baseline,player1.location.y,-0.015010201279291202,2197.192751359771,2606.1406860804723
spatial/block_11_output/absolute30/position,mean_baseline,player1.location.z,-0.009584642205668237,97.80023404255002,139.71330934018368
spatial/block_11_output/absolute30/position,mean_baseline,player2.location.x,-0.005440806206312265,1752.2053648317922,2133.953212522112
spatial/block_11_output/absolute30/position,mean_baseline,player2.location.y,-0.003419445648666475,2470.760593324129,2928.3109621467024
spatial/block_11_output/absolute30/position,mean_baseline,player2.location.z,-0.0002812393951454606,97.47023478301243,167.43726045096446
spatial/block_11_output/absolute30/position,mean_baseline,player3.location.x,-0.0030909602692983373,1765.057534397913,2132.5323990091183
spatial/block_11_output/absolute30/position,mean_baseline,player3.location.y,-0.0010031081229333605,2359.367222481406,2792.879243679567
spatial/block_11_output/absolute30/position,mean_baseline,player3.location.z,-0.011126232374874645,89.00177108944708,174.72501578367607
spatial/block_5_output/absolute30/all,main,ball.location.x,0.27162553230229947,1614.545368341435,1963.2311252300126
spatial/block_5_output/absolute30/all,main,ball.location.y,0.48551673020170394,1612.2489490218975,1949.4109410256824
spatial/block_5_output/absolute30/all,main,ball.location.z,0.6216988577204055,212.13161337161458,288.1276044978018
spatial/block_5_output/absolute30/all,main,ball.velocity.x,-0.07837804625850087,706.6580903019247,883.9617326781971
spatial/block_5_output/absolute30/all,main,ball.velocity.y,-0.07040896556252618,1028.5601257555054,1261.835691937701
spatial/block_5_output/absolute30/all,main,ball.velocity.z,0.265937090701465,342.3716974783589,459.1092925853074
spatial/block_5_output/absolute30/all,main,player0.location.x,0.09636332527440927,1674.7484280784258,2028.794371886762
spatial/block_5_output/absolute30/all,main,player0.location.y,0.11803486024771126,2045.0234460687755,2467.4775483740273
spatial/block_5_output/absolute30/all,main,player0.location.z,0.034114212250488274,90.19715990798286,159.75085493783422
spatial/block_5_output/absolute30/all,main,player0.velocity.x,0.005588068863334628,724.5233760820729,887.6985223631053
spatial/block_5_output/absolute30/all,main,player0.velocity.y,-0.022670029842015715,975.4976703239957,1150.6022814327484
spatial/block_5_output/absolute30/all,main,player0.velocity.z,0.012382909249372687,95.0877656152307,164.9779663944949
spatial/block_5_output/absolute30/all,main,player1.location.x,0.07315987735949747,1635.9580552237733,2007.7988721754646
spatial/block_5_output/absolute30/all,main,player1.location.y,0.1788259166836571,1932.8282344058928,2344.1223191267877
spatial/block_5_output/absolute30/all,main,player1.location.z,-0.03456315768207596,98.15613831302744,141.4310990526041
spatial/block_5_output/absolute30/all,main,player1.velocity.x,-0.07364105302409119,711.2008739246379,871.0944781379184
spatial/block_5_output/absolute30/all,main,player1.velocity.y,-0.02724471371806536,900.53447059795,1089.2386985127628
spatial/block_5_output/absolute30/all,main,player1.velocity.z,-0.016127730243567395,126.14757669596004,210.60460593802455
spatial/block_5_output/absolute30/all,main,player2.location.x,0.06308419066706306,1672.2392018068495,2059.951157514925
spatial/block_5_output/absolute30/all,main,player2.location.y,0.14390255598475143,2261.795472155284,2704.814817535613
spatial/block_5_output/absolute30/all,main,player2.location.z,0.025328093187461764,98.30255311722897,165.2799877863996
spatial/block_5_output/absolute30/all,main,player2.velocity.x,-0.04006591414556859,752.3547866236783,905.880992191533
spatial/block_5_output/absolute30/all,main,player2.velocity.y,-0.055386066947926915,950.9751371405549,1138.7653531280255
spatial/block_5_output/absolute30/all,main,player2.velocity.z,-0.005784932349524485,135.11037727565662,232.88516903767587
spatial/block_5_output/absolute30/all,main,player3.location.x,0.12479929212657048,1644.8197385011858,1991.954021762661
spatial/block_5_output/absolute30/all,main,player3.location.y,0.15939907298009726,2121.7346497702065,2559.3482115412526
spatial/block_5_output/absolute30/all,main,player3.location.z,0.027361288269042383,91.2117876934899,171.36738708914896
spatial/block_5_output/absolute30/all,main,player3.velocity.x,-0.0967437045556041,775.8257072932408,928.6541670522001
spatial/block_5_output/absolute30/all,main,player3.velocity.y,-0.12495498364840496,968.2676200664331,1144.8741639051284
spatial/block_5_output/absolute30/all,main,player3.velocity.z,-0.043226146446380564,109.46457982486457,186.54107315849774
spatial/block_5_output/absolute30/all,shuffled,ball.location.x,-0.019342399364940643,1949.611172936226,2322.491420888146
spatial/block_5_output/absolute30/all,shuffled,ball.location.y,-0.019624967061314003,2309.284722301482,2744.3405420234276
spatial/block_5_output/absolute30/all,shuffled,ball.location.z,0.005010463939815857,371.398892270085,467.2779618082235
spatial/block_5_output/absolute30/all,shuffled,ball.velocity.x,-0.00794803153704593,676.7476398030902,854.60812231292
spatial/block_5_output/absolute30/all,shuffled,ball.velocity.y,-0.001964904254212696,992.0413309287442,1220.8271906700127
spatial/block_5_output/absolute30/all,shuffled,ball.velocity.z,-0.0025764434649697687,396.4035522200946,536.5475189384721
spatial/block_5_output/absolute30/all,shuffled,player0.location.x,-0.0022097845849402553,1792.852985382459,2136.5862357507135
spatial/block_5_output/absolute30/all,shuffled,player0.location.y,-0.024702402209251018,2300.7891174505544,2659.6615632387143
spatial/block_5_output/absolute30/all,shuffled,player0.location.z,-0.005305055144424919,91.57360400693496,162.97809469039288
spatial/block_5_output/absolute30/all,shuffled,player0.velocity.x,0.004269288532694149,736.9906173170292,888.2869563084296
spatial/block_5_output/absolute30/all,shuffled,player0.velocity.y,-0.0004961256867472841,984.314422320332,1138.0600335384404
spatial/block_5_output/absolute30/all,shuffled,player0.velocity.z,0.002128698213775704,74.59078216118255,165.83221970919516
spatial/block_5_output/absolute30/all,shuffled,player1.location.x,-0.020375849776439692,1729.1063834840984,2106.6766349095537
spatial/block_5_output/absolute30/all,shuffled,player1.location.y,-0.031791388741301274,2230.698184224119,2627.5960616055672
spatial/block_5_output/absolute30/all,shuffled,player1.location.z,-0.033835970106894875,100.74010747469458,141.38138482482918
spatial/block_5_output/absolute30/all,shuffled,player1.velocity.x,0.00253477204862973,685.3585715158146,839.6235060329855
spatial/block_5_output/absolute30/all,shuffled,player1.velocity.y,-0.006644453857872268,919.0007376734542,1078.2616462058495
spatial/block_5_output/absolute30/all,shuffled,player1.velocity.z,-0.010045557381055836,110.19989431620594,209.97335843821
spatial/block_5_output/absolute30/all,shuffled,player2.location.x,-0.014226551389357356,1760.4778631953523,2143.256390916337
spatial/block_5_output/absolute30/all,shuffled,player2.location.y,-0.0020421006631170524,2470.2036180498994,2926.3004970990264
spatial/block_5_output/absolute30/all,shuffled,player2.location.z,-0.0016233954879580903,96.8824837430639,167.54955467258188
spatial/block_5_output/absolute30/all,shuffled,player2.velocity.x,-0.0031140291366378303,744.6904635254517,889.6432079884559
spatial/block_5_output/absolute30/all,shuffled,player2.velocity.y,-0.01126017111219424,949.393849428837,1114.7051778667487
spatial/block_5_output/absolute30/all,shuffled,player2.velocity.z,-0.00874926925780839,118.46966605910146,233.22810626163712
spatial/block_5_output/absolute30/all,shuffled,player3.location.x,-0.01618435448403832,1778.3458908476427,2146.405298508521
spatial/block_5_output/absolute30/all,shuffled,player3.location.y,0.004763162291254508,2350.436847227547,2784.823446289755
spatial/block_5_output/absolute30/all,shuffled,player3.location.z,-0.027045895313049018,89.10932151267173,176.0951217352988
spatial/block_5_output/absolute30/all,shuffled,player3.velocity.x,0.002063023074921344,742.102042088511,885.8353236193154
spatial/block_5_output/absolute30/all,shuffled,player3.velocity.y,-0.02236702126575074,934.15656163184,1091.424249517767
spatial/block_5_output/absolute30/all,shuffled,player3.velocity.z,0.002317151979802201,88.35734404731383,182.4237975398752
spatial/block_5_output/absolute30/all,mean_baseline,ball.location.x,-0.015292177830805498,1947.3397000162636,2317.8727729467046
spatial/block_5_output/absolute30/all,mean_baseline,ball.location.y,-0.009580783883050614,2301.5412136672608,2730.790030642984
spatial/block_5_output/absolute30/all,mean_baseline,ball.location.z,-0.011644381696993333,374.2821438935884,471.1725480170597
spatial/block_5_output/absolute30/all,mean_baseline,ball.velocity.x,-0.004244654594609765,674.6953217536045,853.036687873536
spatial/block_5_output/absolute30/all,mean_baseline,ball.velocity.y,-0.0036194843360590756,992.2849696820493,1221.834772435584
spatial/block_5_output/absolute30/all,mean_baseline,ball.velocity.z,-0.004337311129713806,397.01703717377535,537.0184928494391
spatial/block_5_output/absolute30/all,mean_baseline,player0.location.x,-0.004061532980069504,1791.291018186244,2138.559173126263
spatial/block_5_output/absolute30/all,mean_baseline,player0.location.y,-0.005247244997540257,2275.493365710031,2634.2921980254073
spatial/block_5_output/absolute30/all,mean_baseline,player0.location.z,-0.0007059736389880555,89.94023355699402,162.60487028163828
spatial/block_5_output/absolute30/all,mean_baseline,player0.velocity.x,-0.0002704508834190378,738.9990047216809,890.3095942357807
spatial/block_5_output/absolute30/all,mean_baseline,player0.velocity.y,-0.0035577751973714378,985.977645857528,1139.8000099816127
spatial/block_5_output/absolute30/all,mean_baseline,player0.velocity.z,-0.0008102598608903389,72.4989113988421,166.07624697552515
spatial/block_5_output/absolute30/all,mean_baseline,player1.location.x,-0.014778076768861448,1727.8257044851055,2100.8900829340287
spatial/block_5_output/absolute30/all,mean_baseline,player1.location.y,-0.015010201279291202,2197.192751359771,2606.1406860804723
spatial/block_5_output/absolute30/all,mean_baseline,player1.location.z,-0.009584642205668237,97.80023404255002,139.71330934018368
spatial/block_5_output/absolute30/all,mean_baseline,player1.velocity.x,-0.0006408076733923629,686.9041393019569,840.9589774570801
spatial/block_5_output/absolute30/all,mean_baseline,player1.velocity.y,-1.138454244675735e-05,916.0526462361835,1074.7032869764535
spatial/block_5_output/absolute30/all,mean_baseline,player1.velocity.z,-0.005618175667208236,108.89376912896446,209.5126598266042
spatial/block_5_output/absolute30/all,mean_baseline,player2.location.x,-0.005440806206312265,1752.2053648317922,2133.953212522112
spatial/block_5_output/absolute30/all,mean_baseline,player2.location.y,-0.003419445648666475,2470.760593324129,2928.3109621467024
spatial/block_5_output/absolute30/all,mean_baseline,player2.location.z,-0.0002812393951454606,97.47023478301243,167.43726045096446
spatial/block_5_output/absolute30/all,mean_baseline,player2.velocity.x,-0.005489061778163773,744.7823823144371,890.6957715054511
spatial/block_5_output/absolute30/all,mean_baseline,player2.velocity.y,-0.00094724702047011,946.2121989705495,1109.0066792979926
spatial/block_5_output/absolute30/all,mean_baseline,player2.velocity.z,-0.006027882879908963,119.5975905257457,232.9132944137804
spatial/block_5_output/absolute30/all,mean_baseline,player3.location.x,-0.0030909602692983373,1765.057534397913,2132.5323990091183
spatial/block_5_output/absolute30/all,mean_baseline,player3.location.y,-0.0010031081229333605,2359.367222481406,2792.879243679567
spatial/block_5_output/absolute30/all,mean_baseline,player3.location.z,-0.011126232374874645,89.00177108944708,174.72501578367607
spatial/block_5_output/absolute30/all,mean_baseline,player3.velocity.x,-0.00311515707184018,744.8540393290435,888.130598775411
spatial/block_5_output/absolute30/all,mean_baseline,player3.velocity.y,-0.02061054710366328,932.5662282461398,1090.486287630653
spatial/block_5_output/absolute30/all,mean_baseline,player3.velocity.z,-0.0005185456141734157,87.6699107485796,182.68286366937105
spatial/block_5_output/role12/all,main,ego.location.x,0.17649108607977237,1557.6233926983607,1922.5609916191174
spatial/block_5_output/role12/all,main,ego.location.y,0.7200515833893897,1190.6002883285983,1519.7591414007381
spatial/block_5_output/role12/all,main,ego.location.z,0.8878856257631161,34.087031546943614,54.06959859342496
spatial/block_5_output/role12/all,main,ego.velocity.x,-0.08408638031556226,744.5948055735203,917.553932973757
spatial/block_5_output/role12/all,main,ego.velocity.y,-0.072389289095246,944.9637951966988,1149.5177499390009
spatial/block_5_output/role12/all,main,ego.velocity.z,0.7066834831348194,76.18309706019146,111.25904024293085
spatial/block_5_output/role12/all,main,ball_minus_ego.location.x,0.49149170827031397,768.4040434040763,1003.5503477959865
spatial/block_5_output/role12/all,main,ball_minus_ego.location.y,0.6102854696996672,1204.9455675694421,1582.9381233965505
spatial/block_5_output/role12/all,main,ball_minus_ego.location.z,0.6943761169025797,187.87641340848367,258.1364488937114
spatial/block_5_output/role12/all,main,ball_minus_ego.velocity.x,-0.21670508747773187,747.494630976997,978.3854436538473
spatial/block_5_output/role12/all,main,ball_minus_ego.velocity.y,-0.14986877902414997,1066.4104148666347,1369.7721963499077
spatial/block_5_output/role12/all,main,ball_minus_ego.velocity.z,0.33595205272203865,346.77692243130156,454.2845579873437
spatial/block_5_output/role12/all,shuffled,ego.location.x,-0.011049153451541782,1763.0146471746905,2130.2575295410043
spatial/block_5_output/role12/all,shuffled,ego.location.y,0.008127593385258924,2459.178468751244,2860.6429896468408
spatial/block_5_output/role12/all,shuffled,ego.location.z,-0.008636448150237896,95.01127236085016,162.17721033540784
spatial/block_5_output/role12/all,shuffled,ego.velocity.x,-0.0005825073258114433,732.8477387444663,881.5076995153944
spatial/block_5_output/role12/all,shuffled,ego.velocity.y,0.0007676318412539462,953.0902513919956,1109.6159599858393
spatial/block_5_output/role12/all,shuffled,ego.velocity.z,0.004025664344628699,95.4665410608537,205.01758975258377
spatial/block_5_output/role12/all,shuffled,ball_minus_ego.location.x,0.0011246495657430966,928.1133282978332,1406.5196189813985
spatial/block_5_output/role12/all,shuffled,ball_minus_ego.location.y,0.00987810578466275,1760.5576302965153,2523.1029506954146
spatial/block_5_output/role12/all,shuffled,ball_minus_ego.location.z,0.0035592388930855146,361.6447443027233,466.1024964462453
spatial/block_5_output/role12/all,shuffled,ball_minus_ego.velocity.x,-0.007689026710281377,660.514802520823,890.3906387487444
spatial/block_5_output/role12/all,shuffled,ball_minus_ego.velocity.y,-0.0025719992715926843,967.424647529627,1279.0337106859959
spatial/block_5_output/role12/all,shuffled,ball_minus_ego.velocity.z,-0.004792425880779438,415.5783968047823,558.8129109904023
spatial/block_5_output/role12/all,mean_baseline,ego.location.x,-0.0061238075403691195,1757.4809161157154,2125.062398965954
spatial/block_5_output/role12/all,mean_baseline,ego.location.y,-0.00033092749733132365,2469.82062972568,2872.814636182625
spatial/block_5_output/role12/all,mean_baseline,ego.location.z,-3.1621040123663846e-05,94.53315427657809,161.48394967568586
spatial/block_5_output/role12/all,mean_baseline,ego.velocity.x,-0.00015464278558896538,732.3893769035252,881.3192062062934
spatial/block_5_output/role12/all,mean_baseline,ego.velocity.y,-0.003301672645417586,955.6802619667491,1111.8730813308352
spatial/block_5_output/role12/all,mean_baseline,ego.velocity.z,-0.00017713100356275824,95.09797486529447,205.44969922757747
spatial/block_5_output/role12/all,mean_baseline,ball_minus_ego.location.x,-0.0071111882426388995,936.1033660712012,1412.3061707349107
spatial/block_5_output/role12/all,mean_baseline,ball_minus_ego.location.y,-0.007107460133051191,1772.5708348163728,2544.6528685499625
spatial/block_5_output/role12/all,mean_baseline,ball_minus_ego.location.z,-0.011302969965309773,364.4317923043337,469.56565905994484
spatial/block_5_output/role12/all,mean_baseline,ball_minus_ego.velocity.x,-0.005606992309753256,659.441897164787,889.4703238253546
spatial/block_5_output/role12/all,mean_baseline,ball_minus_ego.velocity.y,-5.638952074393799e-05,965.9493183550418,1277.4280551588013
spatial/block_5_output/role12/all,mean_baseline,ball_minus_ego.velocity.z,-0.004652392568605501,414.97188730841316,558.7739700373228
spatial/block_5_output/role12/position,main,ego.location.x,0.17649108607977237,1557.6233926983607,1922.5609916191174
spatial/block_5_output/role12/position,main,ego.location.y,0.7200515833893897,1190.6002883285983,1519.7591414007381
spatial/block_5_output/role12/position,main,ego.location.z,0.8878856257631161,34.087031546943614,54.06959859342496
spatial/block_5_output/role12/position,main,ball_minus_ego.location.x,0.49149170827031397,768.4040434040763,1003.5503477959865
spatial/block_5_output/role12/position,main,ball_minus_ego.location.y,0.6102854696996672,1204.9455675694421,1582.9381233965505
spatial/block_5_output/role12/position,main,ball_minus_ego.location.z,0.6943761169025797,187.87641340848367,258.1364488937114
spatial/block_5_output/role12/position,shuffled,ego.location.x,-0.011049153451541782,1763.0146471746905,2130.2575295410043
spatial/block_5_output/role12/position,shuffled,ego.location.y,0.008127593385258924,2459.178468751244,2860.6429896468408
spatial/block_5_output/role12/position,shuffled,ego.location.z,-0.008636448150237896,95.01127236085016,162.17721033540784
spatial/block_5_output/role12/position,shuffled,ball_minus_ego.location.x,0.0011246495657430966,928.1133282978332,1406.5196189813985
spatial/block_5_output/role12/position,shuffled,ball_minus_ego.location.y,0.00987810578466275,1760.5576302965153,2523.1029506954146
spatial/block_5_output/role12/position,shuffled,ball_minus_ego.location.z,0.0035592388930855146,361.6447443027233,466.1024964462453
spatial/block_5_output/role12/position,mean_baseline,ego.location.x,-0.0061238075403691195,1757.4809161157154,2125.062398965954
spatial/block_5_output/role12/position,mean_baseline,ego.location.y,-0.00033092749733132365,2469.82062972568,2872.814636182625
spatial/block_5_output/role12/position,mean_baseline,ego.location.z,-3.1621040123663846e-05,94.53315427657809,161.48394967568586
spatial/block_5_output/role12/position,mean_baseline,ball_minus_ego.location.x,-0.0071111882426388995,936.1033660712012,1412.3061707349107
spatial/block_5_output/role12/position,mean_baseline,ball_minus_ego.location.y,-0.007107460133051191,1772.5708348163728,2544.6528685499625
spatial/block_5_output/role12/position,mean_baseline,ball_minus_ego.location.z,-0.011302969965309773,364.4317923043337,469.56565905994484
spatial/block_6_output/absolute30/velocity,main,ball.velocity.x,-0.005844906571073727,680.5277389937778,853.7160692698874
spatial/block_6_output/absolute30/velocity,main,ball.velocity.y,-0.00964616033884269,997.221548561819,1225.4978045828216
spatial/block_6_output/absolute30/velocity,main,ball.velocity.z,0.15086449112641964,364.331064338816,493.7850581218546
spatial/block_6_output/absolute30/velocity,main,player0.velocity.x,0.049375746758171246,711.7495377115927,867.9341545881562
spatial/block_6_output/absolute30/velocity,main,player0.velocity.y,0.01927123937680697,965.9771014085687,1126.7612999517162
spatial/block_6_output/absolute30/velocity,main,player0.velocity.z,0.0355201563374673,81.90962548158535,163.03401558457355
spatial/block_6_output/absolute30/velocity,main,player1.velocity.x,0.008375078463594088,683.8319904947297,837.1618374888615
spatial/block_6_output/absolute30/velocity,main,player1.velocity.y,0.02496452621555678,894.8749193964322,1061.1977324380423
spatial/block_6_output/absolute30/velocity,main,player1.velocity.z,0.014925996775864148,113.41317635643199,207.36150784881835
spatial/block_6_output/absolute30/velocity,main,player2.velocity.x,0.007677816167539375,740.3898689812432,884.8447235368277
spatial/block_6_output/absolute30/velocity,main,player2.velocity.y,-0.0004477262428519424,939.5157770817087,1108.7299209511496
spatial/block_6_output/absolute30/velocity,main,player2.velocity.z,0.0170021954335825,122.19546102807293,230.23192427432727
spatial/block_6_output/absolute30/velocity,main,player3.velocity.x,-0.019302041128737457,750.4016423161293,895.2676333012073
spatial/block_6_output/absolute30/velocity,main,player3.velocity.y,-0.04015918343479896,943.5383713731273,1100.8802658951124
spatial/block_6_output/absolute30/velocity,main,player3.velocity.z,-0.00031746645097241455,94.87914421184881,182.664505407376
spatial/block_6_output/absolute30/velocity,shuffled,ball.velocity.x,-0.00813527769277389,676.5433494290335,854.6874987536833
spatial/block_6_output/absolute30/velocity,shuffled,ball.velocity.y,-0.002371631099471916,992.7953585135148,1221.0749502520275
spatial/block_6_output/absolute30/velocity,shuffled,ball.velocity.z,-0.003514752414156108,396.7476595317936,536.7985370046041
spatial/block_6_output/absolute30/velocity,shuffled,player0.velocity.x,0.004329684170392589,736.8949161484857,888.2600165595087
spatial/block_6_output/absolute30/velocity,shuffled,player0.velocity.y,-5.0489294332267676e-05,984.0226678181483,1137.806550570549
spatial/block_6_output/absolute30/velocity,shuffled,player0.velocity.z,0.0031369650748069855,74.38545160104752,165.74841862736793
spatial/block_6_output/absolute30/velocity,shuffled,player1.velocity.x,0.0035045300036663507,684.9021564645851,839.2152564262938
spatial/block_6_output/absolute30/velocity,shuffled,player1.velocity.y,-0.007099883098083293,919.2167652429073,1078.5055338813288
spatial/block_6_output/absolute30/velocity,shuffled,player1.velocity.z,-0.00953671297884462,110.18802018266989,209.9204612063973
spatial/block_6_output/absolute30/velocity,shuffled,player2.velocity.x,-0.0027898363905403123,744.4680352226572,889.4994361075677
spatial/block_6_output/absolute30/velocity,shuffled,player2.velocity.y,-0.010671161054299327,949.1582374128699,1114.3804997011343
spatial/block_6_output/absolute30/velocity,shuffled,player2.velocity.z,-0.009511764628505004,118.65653133626118,233.31623606942043
spatial/block_6_output/absolute30/velocity,shuffled,player3.velocity.x,0.0021138374331937104,742.0328769199639,885.8127702278834
spatial/block_6_output/absolute30/velocity,shuffled,player3.velocity.y,-0.022733729558556792,934.4041667180378,1091.6199710305946
spatial/block_6_output/absolute30/velocity,shuffled,player3.velocity.z,0.002320921259737596,88.41503190172216,182.42345293787537
spatial/block_6_output/absolute30/velocity,mean_baseline,ball.velocity.x,-0.004244654594609765,674.6953217536045,853.036687873536
spatial/block_6_output/absolute30/velocity,mean_baseline,ball.velocity.y,-0.0036194843360590756,992.2849696820493,1221.834772435584
spatial/block_6_output/absolute30/velocity,mean_baseline,ball.velocity.z,-0.004337311129713806,397.01703717377535,537.0184928494391
spatial/block_6_output/absolute30/velocity,mean_baseline,player0.velocity.x,-0.0002704508834190378,738.9990047216809,890.3095942357807
spatial/block_6_output/absolute30/velocity,mean_baseline,player0.velocity.y,-0.0035577751973714378,985.977645857528,1139.8000099816127
spatial/block_6_output/absolute30/velocity,mean_baseline,player0.velocity.z,-0.0008102598608903389,72.4989113988421,166.07624697552515
spatial/block_6_output/absolute30/velocity,mean_baseline,player1.velocity.x,-0.0006408076733923629,686.9041393019569,840.9589774570801
spatial/block_6_output/absolute30/velocity,mean_baseline,player1.velocity.y,-1.138454244675735e-05,916.0526462361835,1074.7032869764535
spatial/block_6_output/absolute30/velocity,mean_baseline,player1.velocity.z,-0.005618175667208236,108.89376912896446,209.5126598266042
spatial/block_6_output/absolute30/velocity,mean_baseline,player2.velocity.x,-0.005489061778163773,744.7823823144371,890.6957715054511
spatial/block_6_output/absolute30/velocity,mean_baseline,player2.velocity.y,-0.00094724702047011,946.2121989705495,1109.0066792979926
spatial/block_6_output/absolute30/velocity,mean_baseline,player2.velocity.z,-0.006027882879908963,119.5975905257457,232.9132944137804
spatial/block_6_output/absolute30/velocity,mean_baseline,player3.velocity.x,-0.00311515707184018,744.8540393290435,888.130598775411
spatial/block_6_output/absolute30/velocity,mean_baseline,player3.velocity.y,-0.02061054710366328,932.5662282461398,1090.486287630653
spatial/block_6_output/absolute30/velocity,mean_baseline,player3.velocity.z,-0.0005185456141734157,87.6699107485796,182.68286366937105
spatial/block_6_output/role12/velocity,main,ego.velocity.x,0.029690090791156587,714.9904754750825,868.0702853193275
spatial/block_6_output/role12/velocity,main,ego.velocity.y,0.003786268810642146,928.0167745684319,1107.938641782545
spatial/block_6_output/role12/velocity,main,ego.velocity.z,0.666794022025877,74.82241959070748,118.58327540810315
spatial/block_6_output/role12/velocity,main,ball_minus_ego.velocity.x,-0.06339335058089568,683.1328468326913,914.6696963550022
spatial/block_6_output/role12/velocity,main,ball_minus_ego.velocity.y,-0.038788915954643066,999.5210666360404,1301.930673220459
spatial/block_6_output/role12/velocity,main,ball_minus_ego.velocity.z,0.23765917658669267,363.966034925914,486.74650714059266
spatial/block_6_output/role12/velocity,shuffled,ego.velocity.x,-0.00016518400208132,732.6042576912677,881.3238505641134
spatial/block_6_output/role12/velocity,shuffled,ego.velocity.y,0.0017812062637405646,952.3357503193962,1109.053046022256
spatial/block_6_output/role12/velocity,shuffled,ego.velocity.z,0.001471545441782407,95.70060164170353,205.2802993434425
spatial/block_6_output/role12/velocity,shuffled,ball_minus_ego.velocity.x,-0.007922108171833475,660.5692441993609,890.4936077930316
spatial/block_6_output/role12/velocity,shuffled,ball_minus_ego.velocity.y,-0.0028655238823529494,967.4507938730773,1279.2209293584294
spatial/block_6_output/role12/velocity,shuffled,ball_minus_ego.velocity.z,-0.006884209860565926,416.17506839768834,559.3942789092362
spatial/block_6_output/role12/velocity,mean_baseline,ego.velocity.x,-0.00015464278558896538,732.3893769035252,881.3192062062934
spatial/block_6_output/role12/velocity,mean_baseline,ego.velocity.y,-0.003301672645417586,955.6802619667491,1111.8730813308352
spatial/block_6_output/role12/velocity,mean_baseline,ego.velocity.z,-0.00017713100356275824,95.09797486529447,205.44969922757747
spatial/block_6_output/role12/velocity,mean_baseline,ball_minus_ego.velocity.x,-0.005606992309753256,659.441897164787,889.4703238253546
spatial/block_6_output/role12/velocity,mean_baseline,ball_minus_ego.velocity.y,-5.638952074393799e-05,965.9493183550418,1277.4280551588013
spatial/block_6_output/role12/velocity,mean_baseline,ball_minus_ego.velocity.z,-0.004652392568605501,414.97188730841316,558.7739700373228
